0.139,0.786,230227,0.538,0,0,7,0.0557,-8.106,1,58,0.0602,162.833,0.916
0.265,0.699,254467,0.668,0,0,1,0.141,-5.305,1,56,0.106,83.074,0.472
0.0942,0.532,331133,0.433,0,0.0121,3,0.142,-9.423,1,60,0.0278,140.666,0.0395
0.0643,0.833,188600,0.808,0,0.000646,10,0.272,-4.413,0,58,0.164,94.008,0.786
0.0209,0.783,206093,0.649,0,0.00482,7,0.067,-4.127,1,64,0.0322,103.997,0.665
0.00775,0.363,181337,0.756,0,0,11,0.0794,-4.687,0,53,0.0494,155.644,0.68
0.428,0.631,217627,0.496,0,1.01E-06,9,0.107,-8.279,0,51,0.0598,143.735,0.365
0.152,0.808,159467,0.709,0,0.000241,2,0.0707,-6.091,1,59,0.0442,99.02,0.853
0.000642,0.65,218973,0.914,0,1.23E-06,9,0.0251,-4.672,1,56,0.0716,99.107,0.586
0.0375,0.859,222333,0.687,1,0,9,0.0542,-2.089,0,50,0.12,102.068,0.73
0.141,0.623,196600,0.853,0,0,4,0.143,-5.356,1,57,0.0472,106.098,0.782
0.699,0.681,140440,0.638,0,0.000629,4,0.0581,-7.818,1,56,0.0367,96.882,0.677
0.00087,0.289,251800,0.736,0,0.00395,11,0.0636,-3.38,0,52,0.0369,152.158,0.13
0.738,0.7,164933,0.341,0,0,4,0.345,-9.454,1,55,0.0955,118.958,0.567
0.113,0.744,234707,0.406,0,0,8,0.0316,-6.378,0,54,0.0722,89.942,0.725
0.26,0.611,227360,0.577,0,0.000807,0,0.467,-8.728,1,56,0.0297,119.877,0.214
0.334,0.696,206520,0.467,0,9.95E-06,9,0.437,-10.002,0,51,0.231,95.348,0.298
0.191,0.551,283560,0.671,0,2.49E-06,7,0.202,-7.888,1,51,0.0286,77.066,0.561
0.000563,0.388,251333,0.746,0,0,1,0.0719,-5.306,1,55,0.0318,159.675,0.458
0.215,0.687,245893,0.363,0,3.08E-06,8,0.305,-10.144,1,53,0.0857,137.365,0.519
0.122,0.743,248360,0.457,0,0,1,0.0864,-8.262,0,51,0.0619,81.672,0.727
0.782,0.803,211907,0.248,0,1.12E-06,3,0.136,-12.978,1,61,0.0497,95.972,0.968
0.552,0.475,201200,0.477,0,0.00729,5,0.133,-7.527,0,62,0.0266,129.006,0.227
0.31,0.587,254493,0.778,0,0,7,0.318,-4.233,1,51,0.0343,81.943,0.319
0.198,0.639,329155,0.824,0,3.33E-06,4,0.0936,-4.685,1,62,0.0313,92.026,0.731
0.000132,0.544,176947,0.895,0,0.107,1,0.147,-6.207,1,52,0.0522,98.128,0.875
0.729,0.339,251467,0.273,0,0,5,0.152,-9.945,0,51,0.0309,96.804,0.304
0.362,0.707,234893,0.538,1,0,0,0.317,-5.264,1,55,0.505,121.732,0.439
0.095,0.784,212880,0.765,1,0,1,0.182,-3.545,1,51,0.212,94.812,0.845
0.604,0.776,201067,0.648,0,0,9,0.318,-6.179,0,59,0.0553,93.012,0.793
0.546,0.745,199240,0.575,0,0.000127,4,0.116,-8.184,0,61,0.0434,123.325,0.723
0.772,0.68,122867,0.675,0,0,2,0.069,-7.998,1,62,0.191,84.967,0.805
0.0257,0.661,188840,0.66,0,0.00977,7,0.256,-9.061,1,53,0.0373,120.617,0.814
0.155,0.527,306347,0.908,0,8.89E-05,11,0.581,-5.105,0,50,0.036,99.482,0.893
0.0424,0.835,244253,0.718,1,0,1,0.258,-6.405,1,58,0.232,94.387,0.507
0.232,0.668,287000,0.806,0,0,6,0.18,-3.9,1,53,0.239,95.022,0.721
0.129,0.871,218240,0.67,0,1.90E-05,8,0.239,-4.969,1,54,0.0538,105.278,0.962
0.000201,0.446,153773,0.953,0,0.0241,5,0.357,-2.268,0,58,0.0989,120.013,0.232
0.223,0.619,231800,0.896,0,0,9,0.101,-4.233,0,68,0.0315,136.648,0.952
0.139,0.672,252107,0.94,1,1.75E-06,1,0.391,-3.914,0,50,0.142,145.976,0.519
0.056,0.85,207693,0.436,0,1.94E-05,8,0.296,-9.08,1,51,0.051,87.711,0.77
0.227,0.351,201533,0.618,0,9.26E-06,2,0.0506,-5.932,1,56,0.0295,104.817,0.496
0.175,0.611,297307,0.556,0,7.14E-05,9,0.0359,-5.761,1,62,0.0288,126.532,0.252
0.0529,0.717,272840,0.664,1,0,9,0.096,-5.023,0,58,0.205,94.331,0.717
0.0244,0.541,232067,0.677,0,0,0,0.0854,-6.211,1,54,0.0271,131.922,0.237
0.228,0.755,236160,0.658,0,0.00014,10,0.0298,-6.364,1,53,0.0722,112.835,0.965
0.0146,0.758,233667,0.683,1,5.90E-05,2,0.159,-5.594,1,49,0.107,78.96,0.738
0.0185,0.372,289560,0.872,0,0,0,0.368,-6.651,1,50,0.056,173.525,0.65
0.96,0.122,195600,0.0407,0,0.847,4,0.104,-26.194,0,58,0.0457,74.418,0.0342
0.125,0.74,359400,0.94,1,8.33E-05,9,0.132,-4.195,1,52,0.285,89.981,0.489
0.986,0.216,174333,0.149,0,0.94,7,0.0921,-18.173,1,57,0.0402,123.201,0.117
0.853,0.536,233240,0.394,0,2.55E-05,0,0.115,-9.647,1,55,0.0345,100.157,0.383
0.151,0.841,272507,0.739,0,5.90E-05,11,0.0897,-5.111,0,50,0.206,85.891,0.571
0.0716,0.73,172200,0.508,0,0,0,0.0605,-9.575,0,62,0.319,76.494,0.936
0.314,0.635,155333,0.672,0,5.03E-06,10,0.0688,-6.788,0,62,0.0637,166.903,0.895
0.000328,0.383,231097,0.946,1,1.13E-06,1,0.0537,-8.122,0,54,0.0789,108.591,0.534
0.729,0.332,249093,0.371,0,0.00021,4,0.176,-9.884,1,50,0.0396,173.273,0.375
0.871,0.668,135147,0.172,0,0,0,0.095,-13.835,1,51,0.2,94.51,0.573
0.0506,0.662,173693,0.908,1,0,1,0.0508,-4.764,0,54,0.0449,149.941,0.967
0.338,0.797,280467,0.644,0,6.51E-05,8,0.0592,-9.253,1,60,0.188,96.87,0.706
0.104,0.721,275067,0.469,1,0.000111,1,0.0724,-9.563,1,50,0.193,86.811,0.694
0.918,0.151,235667,0.103,0,0.852,9,0.0756,-22.221,1,57,0.0412,97.5,0.036
0.957,0.532,207907,0.132,0,0,2,0.0832,-19.486,1,54,0.261,176.025,0.83
0.0118,0.327,326507,0.963,0,0,4,0.176,-8.871,0,55,0.174,98.416,0.199
0.302,0.635,272987,0.852,0,0,11,0.149,-4.243,1,50,0.0375,88.028,0.351
0.00215,0.473,132733,0.994,1,0.123,8,0.314,-1.884,1,58,0.104,171.435,0.841
0.317,0.791,264653,0.863,1,1.13E-06,3,0.27,-6.118,0,53,0.151,97.035,0.742
0.0619,0.723,239267,0.84,1,0,1,0.0945,-3.523,0,58,0.0608,94.332,0.827
0.725,0.271,214733,0.31,0,1.99E-06,0,0.119,-7.967,1,52,0.0309,169.614,0.16
0.0173,0.611,143627,0.795,0,0,6,0.116,-3.428,1,57,0.04,95.759,0.383
0.0159,0.824,177440,0.522,0,3.12E-06,10,0.105,-8.567,1,61,0.0384,126.238,0.581
0.201,0.497,196952,0.717,0,0,8,0.0458,-4.224,1,50,0.0303,168.999,0.771
0.381,0.795,268213,0.731,0,0.00163,9,0.0548,-6.056,1,54,0.0529,96.161,0.884
0.994,0.288,317533,0.00341,0,0.914,1,0.0655,-36.278,1,55,0.047,74.662,0.054
0.0326,0.859,255267,0.658,0,0.00181,8,0.0651,-4.481,1,61,0.192,98.989,0.538
0.902,0.569,237173,0.265,0,0.00152,0,0.094,-12.436,1,59,0.0269,74.235,0.424
0.025,0.838,256493,0.453,0,2.42E-05,8,0.116,-11.536,1,60,0.31,78.837,0.815
0.00578,0.55,252867,0.908,0,0.000257,1,0.0904,-6.067,1,51,0.0345,107.031,0.539
8.20E-05,0.306,249627,0.709,1,0.00452,0,0.101,-3.593,1,57,0.0375,154.146,0.0436
0.0297,0.565,201427,0.867,0,0,2,0.147,-5.497,0,53,0.0333,115.006,0.259
0.00521,0.721,241373,0.678,1,0,7,0.153,-3.703,1,50,0.258,160.023,0.712
0.103,0.706,179960,0.516,0,0.00107,10,0.551,-8.378,1,50,0.032,94.428,0.748
0.00127,0.389,196760,0.767,0,0,2,0.435,-4.314,1,53,0.149,184.926,0.544
0.585,0.666,227840,0.259,0,0,0,0.079,-10.721,1,61,0.04,116.082,0.698
0.0235,0.653,259440,0.858,0,0,10,0.11,-4.646,0,67,0.0307,127.981,0.583
0.00294,0.781,271200,0.412,0,9.85E-05,7,0.213,-9.187,1,61,0.188,127.968,0.449
0.137,0.434,239787,0.629,0,0,10,0.0909,-4.764,1,51,0.0266,153.38,0.272
0.561,0.687,257160,0.537,0,0,10,0.107,-7.639,1,50,0.0305,120.023,0.264
0.179,0.89,309893,0.541,1,0,2,0.167,-3.672,1,56,0.418,113.411,0.428
0.00108,0.329,343400,0.658,0,1.56E-06,9,0.0805,-5.57,1,56,0.0373,141.123,0.288
0.0887,0.558,256960,0.924,0,0.00326,2,0.263,-2.312,1,60,0.0367,117.111,0.344
0.217,0.706,255000,0.58,0,1.15E-06,2,0.134,-7.02,1,56,0.0254,105.997,0.355
0.256,0.708,219307,0.538,0,0,11,0.193,-10.28,1,54,0.0686,98.233,0.651
0.959,0.584,145267,0.185,0,0.0072,7,0.105,-13.986,1,60,0.035,127.151,0.376
0.0101,0.571,311867,0.8,0,7.29E-05,7,0.111,-4.131,1,59,0.0292,104.377,0.335
0.159,0.92,227867,0.811,1,0.0026,4,0.0935,-2.892,0,56,0.117,97.117,0.602
0.0278,0.684,235733,0.84,0,0,9,0.329,-5.753,1,49,0.0433,125.801,0.682
3.40E-05,0.473,168560,0.942,0,0.0375,1,0.0627,-2.698,1,51,0.0785,173.527,0.75
0.222,0.851,246453,0.5,0,0.000931,11,0.15,-8.789,0,56,0.043,148.015,0.767
0.000154,0.59,213240,0.976,0,0.293,11,0.155,-4.866,0,60,0.0488,114.996,0.686
0.642,0.643,194600,0.491,0,0.00972,4,0.286,-9.312,1,60,0.0344,126.399,0.753
0.000445,0.593,272920,0.933,1,0.384,5,0.068,-4.894,1,53,0.119,153.993,0.497
0.0364,0.262,318627,0.482,0,0.000189,5,0.11,-7.75,0,60,0.0294,170.968,0.063
0.527,0.773,264600,0.794,0,0.000354,5,0.113,-4.954,0,60,0.0326,101.143,0.907
0.0811,0.757,232507,0.78,0,0,1,0.113,-5.038,1,61,0.319,97.917,0.59
0.0514,0.837,260027,0.568,1,0.0203,8,0.0781,-6.899,1,53,0.0574,96.899,0.429
0.202,0.845,206400,0.517,0,0.00237,1,0.134,-9.35,1,52,0.31,117.929,0.641
0.0145,0.599,263867,0.732,0,0.000467,5,0.143,-6.843,1,72,0.026,97.997,0.295
0.141,0.778,228000,0.761,1,4.61E-05,2,0.0441,-5.529,1,59,0.0525,107.288,0.923
0.455,0.714,312667,0.628,0,0,0,0.175,-5.421,1,60,0.0265,126.012,0.376
0.129,0.941,211427,0.462,0,9.82E-05,11,0.114,-11.029,0,60,0.282,123.674,0.758
0.00052,0.338,238173,0.685,0,0.000512,1,0.109,-5.178,1,54,0.0322,102.192,0.221
0.0908,0.904,239867,0.686,0,4.60E-05,10,0.0669,-5.923,0,53,0.0387,132.107,0.896
0.0515,0.698,372973,0.602,1,0,3,0.32,-3.183,1,50,0.0889,145.941,0.138
0.00112,0.511,237640,0.782,0,0.000858,9,0.11,-7.934,0,49,0.057,100.015,0.538
0.252,0.726,159387,0.678,0,7.63E-06,5,0.149,-4.445,1,51,0.0303,75.031,0.529
0.221,0.58,304427,0.526,0,0,6,0.0959,-6.664,0,51,0.0313,101.89,0.2
0.00215,0.841,262027,0.701,0,0.00268,6,0.627,-6.365,0,49,0.192,111.857,0.802
0.245,0.777,272293,0.751,1,0,1,0.1,-5.692,1,56,0.133,177.894,0.191
0.000443,0.393,222467,0.896,0,0,1,0.0774,-4.902,1,53,0.0671,177.981,0.793
7.21E-05,0.585,178667,0.907,0,0,1,0.0682,-4.787,1,54,0.102,92.634,0.573
0.864,0.629,182667,0.204,0,0,10,0.0863,-12.619,1,53,0.075,89.199,0.489
0.757,0.54,150600,0.389,0,1.22E-05,4,0.0836,-7.212,1,54,0.0345,121.288,0.954
0.205,0.813,292173,0.658,1,0.000138,9,0.161,-8.997,1,50,0.0714,74.432,0.571
0.0305,0.706,272667,0.852,1,0,9,0.689,-4.553,1,50,0.117,90.041,0.585
0.18,0.759,285800,0.866,1,0,11,0.939,-3.084,0,49,0.26,155.945,0.565
0.000162,0.291,208173,0.976,0,8.29E-06,2,0.359,-6.443,1,53,0.09,112.225,0.276
0.834,0.611,168627,0.428,0,0.00517,10,0.113,-10.723,1,61,0.0474,133.281,0.389
0.0131,0.698,327493,0.524,0,9.22E-05,6,0.27,-6.69,1,49,0.0362,73.597,0.566
0.436,0.684,239120,0.776,0,5.62E-06,8,0.418,-3.868,1,59,0.06,103.567,0.925
0.168,0.634,247613,0.842,0,0.000203,11,0.0983,-3.546,1,64,0.0295,99.973,0.358
0.0339,0.904,250693,0.944,1,0.00592,4,0.075,-2.626,1,53,0.138,131.599,0.931
0.264,0.707,254373,0.655,0,0,1,0.126,-5.704,1,48,0.103,83.087,0.415
0.414,0.719,239933,0.863,1,5.19E-06,5,0.147,-4.148,0,56,0.435,87.579,0.765
0.323,0.373,195507,0.424,0,0,5,0.144,-8.988,1,59,0.0358,209.267,0.488
0.843,0.694,127960,0.295,0,1.42E-06,9,0.0856,-8.672,1,60,0.0611,93.577,0.729
0.294,0.839,306200,0.736,1,0,4,0.339,-4.833,0,56,0.286,81.859,0.783
0.00337,0.529,251733,0.836,0,0,6,0.0665,-4.595,0,49,0.0429,163.838,0.394
0.246,0.427,183027,0.275,0,2.62E-05,5,0.299,-13.731,1,58,0.0296,92.999,0.723
0.131,0.804,309480,0.67,0,0,7,0.148,-8.142,0,62,0.0897,97.969,0.644
5.41E-05,0.509,176373,0.951,1,0,1,0.305,-3.856,0,51,0.0827,120.03,0.435
0.399,0.852,325507,0.486,0,9.52E-06,9,0.0745,-9.101,0,53,0.0419,126.095,0.828
0.448,0.645,172042,0.469,0,0,8,0.315,-13.763,0,53,0.178,96.351,0.795
3.78E-05,0.549,206893,0.99,1,0.000837,3,0.343,-4.358,0,53,0.0752,124.075,0.493
0.3,0.817,227573,0.677,0,1.55E-06,7,0.059,-7.278,0,57,0.0721,79.576,0.673
0.00128,0.534,233760,0.888,0,6.15E-06,8,0.0772,-4.667,0,58,0.0972,158.368,0.582
0.139,0.719,303467,0.822,0,4.44E-06,11,0.118,-11.295,1,54,0.0499,112.806,0.924
0.322,0.705,226227,0.696,0,5.17E-06,6,0.0495,-8.353,1,55,0.0619,90.999,0.956
0.0397,0.655,225747,0.702,0,0,11,0.877,-10.364,1,56,0.054,125.117,0.62
0.00776,0.786,334000,0.469,0,0,2,0.0834,-11.336,1,49,0.105,119.929,0.8
0.975,0.602,66093,0.372,0,0.842,5,0.119,-14.129,1,32,0.0349,99.359,0.964
0.989,0.415,197093,0.14,0,0.0842,5,0.128,-14.958,1,33,0.0858,179.789,0.491
0.837,0.418,105800,0.288,0,0,1,0.341,-12.205,1,30,0.0319,47.261,0.562
0.787,0.418,238867,0.367,0,3.45E-05,2,0.108,-12.36,1,33,0.0503,97.058,0.316
0.213,0.576,178520,0.742,0,1.43E-05,4,0.295,-6.871,1,34,0.0315,130.652,0.844
0.0675,0.561,177973,0.807,0,0,9,0.26,-5.5,0,34,0.0438,95.12,0.655
0.654,0.607,182296,0.169,0,8.11E-05,7,0.0947,-20.946,1,34,0.0325,113.288,0.17
0.123,0.648,185693,0.608,0,0,7,0.136,-11.283,1,37,0.14,89.651,0.817
0.679,0.222,229133,0.23,0,0.00807,5,0.193,-11.582,0,30,0.0305,87.452,0.0617
0.00642,0.517,200440,0.419,0,0.879,5,0.218,-14.858,0,26,0.0286,109.683,0.518
0.774,0.581,140147,0.368,0,0.187,9,0.114,-13.929,1,30,0.0324,105.652,0.548
0.795,0.391,216827,0.185,0,0,0,0.216,-14.597,1,36,0.0282,82.439,0.149
0.746,0.52,162040,0.561,0,0,11,0.32,-6.806,1,47,0.0383,114.024,0.647
0.88,0.156,348680,0.175,0,0.527,4,0.11,-15.484,0,30,0.0355,79.785,0.0877
0.178,0.405,615901,0.497,0,0.541,7,0.191,-10.772,1,27,0.0521,101.808,0.573
0.572,0.456,272067,0.384,0,0.0117,10,0.216,-12.947,1,33,0.0258,78.063,0.532
0.777,0.386,180987,0.418,0,0.00019,9,0.123,-8.386,1,32,0.0336,148.681,0.625
0.824,0.514,144800,0.273,0,0,7,0.12,-11.336,1,33,0.0367,92.46,0.301
0.309,0.655,176280,0.412,0,0,4,0.175,-12.132,1,31,0.0296,123.702,0.913
0.228,0.465,139333,0.369,0,0.0501,9,0.171,-15.428,1,37,0.0341,90.175,0.524
0.837,0.737,86613,0.29,0,0,10,0.217,-13.334,0,30,0.0445,100.58,0.913
0.398,0.713,150227,0.79,0,0.478,0,0.225,-8.853,1,36,0.0399,105.762,0.951
0.805,0.264,153893,0.479,0,0.000299,2,0.0791,-9.685,1,36,0.0328,89.562,0.31
0.0647,0.524,193600,0.717,0,1.23E-06,11,0.12,-6.612,0,35,0.0701,149.953,0.416
0.658,0.538,145274,0.297,0,1.06E-06,0,0.0911,-10.215,1,28,0.0309,74.556,0.684
0.544,0.377,186187,0.504,0,0.00141,2,0.605,-6.022,0,36,0.0284,103.301,0.451
0.0159,0.472,130227,0.591,0,0.00192,2,0.381,-12.827,1,32,0.0617,81.351,0.898
0.631,0.624,147920,0.284,0,0,0,0.309,-11.339,1,36,0.0269,93.775,0.576
0.098,0.635,177187,0.522,0,0.159,8,0.0558,-7.815,1,40,0.0413,81.037,0.91
0.106,0.591,326761,0.469,0,0.00104,2,0.157,-14.778,0,33,0.0392,123.029,0.48
0.543,0.529,164573,0.422,0,0,0,0.376,-7.071,0,37,0.0265,102.871,0.803
0.16,0.663,127760,0.689,0,4.71E-05,0,0.334,-11.904,1,32,0.0499,86.588,0.556
0.409,0.38,150547,0.511,0,0,7,0.159,-9.933,1,29,0.0328,136.632,0.623
0.324,0.378,151556,0.697,0,0.0136,9,0.14,-10.472,1,28,0.0805,165,0.445
0.682,0.312,173187,0.452,0,0,7,0.465,-10.705,1,37,0.0314,96.323,0.366
0.289,0.345,305573,0.655,0,0.793,0,0.0641,-7.716,0,37,0.0352,137.743,0.37
0.493,0.637,166067,0.535,0,3.17E-05,9,0.262,-12.668,1,31,0.0342,132.458,0.842
0.0132,0.675,165800,0.456,0,1.31E-05,4,0.35,-14.1,1,34,0.0308,106.979,0.731
0.00395,0.311,272493,0.615,0,0.0176,9,0.13,-7.042,1,30,0.0328,152.365,0.393
0.816,0.252,158920,0.162,0,0.0498,9,0.099,-15.664,0,34,0.0317,182.475,0.138
0.9,0.39,140240,0.128,0,0.00187,10,0.149,-13.389,1,30,0.0333,109.241,0.33
0.21,0.424,219933,0.427,0,7.42E-06,1,0.166,-11.27,1,29,0.0546,136.717,0.166
0.191,0.51,222107,0.696,0,0,8,0.0973,-6.128,1,48,0.0748,96.872,0.384
0.575,0.543,128382,0.567,0,0.306,9,0.201,-10.874,1,28,0.0942,126.286,0.905
0.868,0.47,151973,0.843,0,0.81,9,0.132,-8.962,0,35,0.0357,105.345,0.956
0.498,0.411,248867,0.56,0,0.00949,10,0.0817,-13.167,1,32,0.254,98.333,0.331
0.617,0.429,194733,0.225,0,6.03E-06,2,0.112,-15.342,0,31,0.0396,238.895,0.457
0.152,0.793,168298,0.388,0,0.782,7,0.0877,-12.419,0,33,0.0316,105.968,0.736
0.279,0.484,138400,0.485,0,1.67E-06,9,0.267,-13.054,1,32,0.0329,93.311,0.305
0.762,0.602,117573,0.731,0,0.0249,5,0.181,-10.66,1,31,0.0521,127.025,0.924
0.727,0.707,163693,0.663,0,0.74,2,0.192,-9.26,0,32,0.046,94.949,0.962
0.7,0.327,155720,0.421,0,0,0,0.103,-10.491,1,30,0.0349,132.674,0.62
0.0313,0.397,284166,0.707,0,0,9,0.148,-9.758,1,26,0.0654,131.445,0.254
0.0779,0.52,175507,0.583,0,0.00151,4,0.264,-10.042,0,33,0.0326,130.025,0.86
0.675,0.434,190493,0.317,0,3.54E-06,5,0.284,-6.085,1,25,0.0363,84.391,0.558
0.409,0.6,178467,0.455,0,0,0,0.181,-10.634,1,29,0.0288,98.892,0.72
0.884,0.35,175867,0.0786,0,0.975,4,0.0999,-25.17,0,32,0.0294,80.41,0.1
0.832,0.434,142421,0.207,0,0,10,0.107,-13.859,1,28,0.031,137.215,0.305
0.867,0.546,143707,0.18,0,9.81E-06,5,0.182,-14.524,1,30,0.03,107.779,0.591
0.73,0.339,211907,0.191,0,0.0722,2,0.261,-16.828,0,35,0.0366,77.304,0.205
0.514,0.578,136027,0.902,0,0,7,0.0616,-5.015,1,29,0.04,130.112,0.943
0.66,0.378,145133,0.394,0,6.85E-05,9,0.0606,-7.72,1,27,0.0303,142.664,0.761
0.907,0.642,101907,0.044,0,0.933,2,0.102,-16.143,1,29,0.101,103.077,0.516
0.242,0.849,143667,0.401,0,1.25E-05,3,0.104,-8.114,1,32,0.0436,125.836,0.554
0.132,0.619,143360,0.416,0,2.63E-05,7,0.661,-10.639,1,35,0.0358,78.653,0.535
0.0236,0.309,400560,0.459,0,0.0824,7,0.415,-7.919,0,28,0.033,121.052,0.334
0.0475,0.228,303000,0.241,0,1.36E-05,9,0.344,-20.925,0,31,0.0347,140.087,0.149
0.403,0.301,195280,0.637,0,0.000333,5,0.345,-10.152,1,32,0.0394,100.082,0.321
0.237,0.796,130267,0.562,0,1.12E-06,10,0.0498,-8.126,1,33,0.0327,112.495,0.834
0.878,0.332,146960,0.278,0,0.909,10,0.216,-13.18,1,31,0.0289,96.356,0.393
0.253,0.912,196520,0.607,0,0.464,6,0.152,-7.957,0,32,0.122,111.363,0.385
0.899,0.738,194053,0.248,0,0.506,0,0.121,-15.515,1,27,0.0349,86.893,0.719
0.718,0.332,157333,0.51,0,0.00443,0,0.171,-10.254,1,31,0.0466,121.851,0.342
0.952,0.386,244387,0.0916,0,0.0576,2,0.14,-19.326,1,30,0.0277,77.375,0.185
0.74,0.57,153133,0.614,0,0,9,0.11,-7.892,0,31,0.042,101.805,0.832
0.884,0.0642,129400,0.162,0,0.889,7,0.401,-19.152,0,32,0.0355,70.104,0.0509
0.535,0.84,141627,0.44,0,0.00581,9,0.105,-9.435,1,34,0.0499,120.221,0.531
0.96,0.442,157400,0.203,0,0.888,0,0.0684,-13.478,1,32,0.0265,88.655,0.141
0.789,0.607,110880,0.731,0,0.000424,3,0.271,-11.294,1,29,0.045,105.837,0.871
0.796,0.0626,317133,0.257,0,0.935,4,0.0915,-17.379,0,33,0.0355,58.722,0.0385
0.872,0.556,96907,0.685,0,0.00593,8,0.301,-10.301,1,30,0.0413,145.899,0.916
0.405,0.724,143000,0.606,0,0,0,0.054,-9.015,1,47,0.0497,124.412,0.956
0.597,0.658,126160,0.617,0,0,4,0.169,-12.438,1,27,0.0405,96.472,0.924
0.228,0.557,123160,0.568,0,0.000581,0,0.0973,-7.541,1,35,0.0504,136.736,0.715
0.867,0.335,130573,0.241,0,5.86E-06,10,0.121,-12.591,1,36,0.0384,82.215,0.381
0.893,0.617,412173,0.275,0,0.752,7,0.0803,-12.191,0,29,0.056,73.62,0.156
0.966,0.328,145133,0.281,0,1.31E-05,2,0.192,-14.125,1,36,0.0312,94.501,0.462
0.409,0.412,151702,0.742,0,0.583,6,0.163,-10.476,0,27,0.0487,168.803,0.875
0.964,0.385,304960,0.053,0,9.98E-05,5,0.135,-20.106,1,28,0.0353,67.971,0.128
0.0214,0.475,505267,0.519,0,0.252,9,0.116,-12.645,0,30,0.03,126.528,0.857
0.292,0.528,170960,0.838,0,0,3,0.0954,-5.506,1,27,0.0265,97.264,0.905
0.754,0.369,196747,0.402,0,9.96E-05,9,0.115,-10.841,0,33,0.243,178.787,0.346
0.939,0.28,138160,0.11,0,0.816,2,0.145,-22.821,1,34,0.0528,83.362,0.308
0.314,0.833,162187,0.325,0,0.00192,5,0.0966,-12.453,0,25,0.0705,108.028,0.921
0.841,0.501,180027,0.245,0,0.000217,9,0.0876,-15.235,1,29,0.0311,96.256,0.514
0.622,0.647,198093,0.181,0,0,8,0.16,-19.425,1,29,0.0319,104.326,0.505
0.991,0.624,306893,0.127,0,0.527,4,0.106,-17.382,0,31,0.0347,98.901,0.373
0.164,0.667,175533,0.678,0,9.32E-05,5,0.118,-8.18,1,31,0.0264,110.444,0.92
0.331,0.568,286373,0.292,0,0,2,0.0722,-13.897,1,30,0.0468,136.329,0.337
0.424,0.299,504933,0.409,0,0.406,7,0.61,-11.398,1,29,0.0309,114.088,0.254
5.14E-05,0.431,297067,0.903,0,0.000782,2,0.0811,-6.117,1,43,0.0337,93.642,0.361
0.97,0.62,129507,0.214,0,1.69E-05,1,0.169,-14.646,1,37,0.0304,90.151,0.654
0.326,0.681,277253,0.449,0,1.61E-05,11,0.0905,-11.391,0,41,0.0459,140.118,0.962
0.0217,0.621,170773,0.699,0,5.37E-06,0,0.302,-5.947,1,39,0.0734,170.217,0.78
0.123,0.623,226973,0.399,0,0.000103,2,0.115,-10.883,0,38,0.029,134.68,0.33
0.707,0.659,209676,0.494,0,0,0,0.295,-7.768,1,52,0.0238,103.591,0.354
0.186,0.39,262880,0.691,0,0.0161,8,0.173,-9.278,1,44,0.0619,133.958,0.348
0.176,0.188,367773,0.939,0,6.06E-05,7,0.902,-4.398,1,38,0.0747,163.556,0.521
0.299,0.668,316279,0.677,0,0,8,0.0853,-4.361,1,55,0.0346,140.74,0.81
0.354,0.591,396440,0.497,0,7.09E-06,2,0.136,-11.801,1,51,0.0397,136.568,0.756
0.00246,0.532,143600,0.549,0,0,11,0.053,-8.66,0,38,0.287,163.912,0.088
0.0445,0.91,297560,0.661,0,0,7,0.237,-4.397,1,38,0.0912,103.33,0.577
0.00015,0.556,213560,0.91,0,0.356,6,0.0984,-3.92,0,45,0.0387,126.252,0.578
0.836,0.521,196267,0.263,0,2.62E-05,1,0.138,-12.711,1,57,0.0264,95.448,0.184
0.141,0.723,355800,0.387,0,0.000288,6,0.0229,-6.373,1,37,0.0348,82.047,0.535
0.168,0.43,276333,0.634,0,1.09E-05,2,0.898,-10.458,1,37,0.0462,123.382,0.327
0.467,0.509,244827,0.323,0,1.04E-05,7,0.204,-14.787,0,47,0.0258,96.251,0.337
0.0138,0.425,107333,0.942,0,0.587,11,0.346,-9.018,0,42,0.0622,133.98,0.511
0.034,0.754,380560,0.757,1,0,10,0.513,-5.036,0,39,0.246,77.194,0.489
0.833,0.395,173773,0.34,0,4.37E-05,0,0.159,-6.66,1,39,0.0309,153.644,0.0749
0.46,0.591,197947,0.598,0,0.00705,10,0.253,-10.262,0,40,0.0335,120.469,0.212
0.347,0.749,208467,0.447,1,0.778,2,0.346,-11.71,1,38,0.029,102.361,0.251
0.645,0.574,243893,0.335,0,3.65E-06,10,0.0864,-9.942,0,38,0.034,94.1,0.406
0.0362,0.776,252027,0.806,0,0,6,0.305,-8.248,0,40,0.0847,104.517,0.864
0.0854,0.782,229800,0.379,0,0.0147,11,0.143,-11.219,0,41,0.148,80.436,0.345
0.0322,0.541,269867,0.706,1,0,4,0.117,-7.173,0,37,0.334,87.405,0.695
0.559,0.853,193293,0.344,0,1.91E-05,4,0.107,-9.091,0,41,0.0717,138.203,0.962
0.669,0.525,295013,0.634,0,0.0118,6,0.199,-9.952,0,41,0.0258,105.701,0.546
0.565,0.636,244173,0.559,0,9.08E-06,7,0.0971,-7.454,1,37,0.0274,120.487,0.288
0.2,0.446,260240,0.395,0,0,5,0.11,-13.371,1,49,0.0275,100.415,0.517
0.00341,0.364,199693,0.904,0,1.90E-05,9,0.153,-4.168,1,42,0.0451,139.887,0.73
0.52,0.491,83800,0.263,0,0.182,7,0.257,-11.793,1,44,0.0305,119.231,0.195
0.811,0.716,200333,0.41,0,1.83E-05,7,0.239,-6.957,1,42,0.0283,145.394,0.581
0.17,0.817,162307,0.356,0,0.604,2,0.0706,-13.663,1,42,0.454,159.59,0.968
0.685,0.794,257267,0.369,0,0.342,7,0.0973,-14.082,1,46,0.0684,106.884,0.791
0.396,0.258,251267,0.368,0,3.76E-06,1,0.119,-10.353,1,51,0.0466,76.843,0.161
0.0985,0.66,256040,0.869,1,0,5,0.187,-5.917,0,40,0.265,95.625,0.652
0.343,0.419,196467,0.382,0,0.0399,0,0.176,-10.028,1,41,0.0271,103.407,0.172
0.212,0.596,259667,0.663,0,6.64E-06,7,0.0908,-7.982,0,37,0.145,170.184,0.506
0.782,0.489,198973,0.0858,0,0.000109,4,0.111,-20.465,0,38,0.0432,167.284,0.368
0.0891,0.732,272520,0.719,1,0,10,0.0596,-5.076,0,44,0.0954,84.989,0.863
0.672,0.797,229427,0.779,0,0,7,0.113,-6.808,1,44,0.163,116.832,0.887
0.804,0.278,197973,0.382,0,0,7,0.11,-9.624,1,38,0.0322,81.542,0.0596
0.504,0.807,317027,0.796,0,0,9,0.216,-6.68,1,39,0.0325,110.096,0.932
0.0321,0.529,221187,0.866,0,0.00117,11,0.148,-5.053,1,45,0.0391,107.544,0.759
0.433,0.634,257107,0.488,0,0.0208,0,0.141,-7.163,1,47,0.0255,99.95,0.281
0.00081,0.534,232000,0.635,0,0,5,0.0699,-7.145,1,39,0.0248,76.569,0.57
0.32,0.759,214400,0.579,0,4.49E-05,2,0.307,-6.27,1,43,0.0375,107.052,0.914
0.0598,0.438,316600,0.913,0,8.00E-06,0,0.107,-4.458,0,38,0.0858,96.959,0.329
0.226,0.546,315027,0.626,0,3.90E-05,9,0.0537,-10.183,1,37,0.0427,160.182,0.92
0.548,0.709,344813,0.347,1,0.00263,0,0.121,-9.055,1,47,0.0676,109.882,0.37
0.386,0.66,337733,0.619,0,0,2,0.927,-8.672,1,43,0.139,78.67,0.845
0.289,0.669,219693,0.704,0,0,7,0.28,-6.345,1,46,0.0305,118.772,0.691
0.0797,0.395,184120,0.892,0,0,11,0.706,-8.07,1,43,0.0537,148.43,0.67
0.801,0.157,310707,0.119,0,0.000998,1,0.126,-20.156,0,37,0.036,67.005,0.0391
0.00483,0.543,256507,0.257,0,0.359,7,0.121,-14.322,1,47,0.0246,80.056,0.271
0.917,0.265,246533,0.468,0,0.00395,7,0.0899,-5.916,1,47,0.0336,115.1,0.396
0.222,0.657,290960,0.841,0,0,0,0.39,-8.612,1,39,0.047,113.105,0.615
0.224,0.784,247760,0.476,0,0.0125,11,0.418,-8.283,0,47,0.0329,98.048,0.624
0.215,0.798,232667,0.914,1,0.000344,5,0.088,-1.974,0,39,0.295,86.719,0.557
0.96,0.419,399160,0.157,0,0.581,1,0.0869,-16.158,0,42,0.0467,129.619,0.287
0.0053,0.314,418795,0.699,0,0.000371,10,0.172,-4.104,0,51,0.0349,151.565,0.0822
0.00827,0.393,232533,0.958,1,0.0352,8,0.66,-5.373,0,45,0.223,110.071,0.413
0.112,0.529,227133,0.519,0,0,10,0.206,-8.894,1,40,0.0855,180.585,0.9
0.208,0.48,308840,0.52,0,0.000374,6,0.0788,-10.393,1,51,0.0268,143.503,0.511
0.455,0.462,239627,0.78,0,0.000639,9,0.058,-3.92,1,38,0.0343,147.297,0.473
0.00435,0.69,289427,0.602,1,0.000112,1,0.627,-7.48,1,43,0.245,100.131,0.528
0.34,0.749,208467,0.357,0,0.577,2,0.258,-14.811,1,38,0.0309,102.319,0.282
0.528,0.816,225427,0.831,0,0.00017,8,0.335,-6.805,1,44,0.101,115.247,0.943
0.113,0.756,249200,0.521,0,0,10,0.147,-8.266,0,38,0.504,178.391,0.591
0.000371,0.51,284507,0.932,0,0.0631,9,0.295,-6.053,1,39,0.0694,96.23,0.769
0.00674,0.707,270200,0.905,0,0.0331,5,0.138,-5.534,0,47,0.0376,116.997,0.641
0.361,0.478,198293,0.394,0,0.285,4,0.147,-9.527,1,40,0.0509,168.176,0.321
0.011,0.551,231720,0.915,1,0.0011,1,0.187,-5.178,1,49,0.0688,170.303,0.573
0.00232,0.463,457267,0.677,0,0.000308,1,0.352,-6.19,1,38,0.0273,130.893,0.156
0.498,0.517,212920,0.279,0,0,0,0.126,-10.604,1,39,0.025,80.098,0.287
0.127,0.805,322033,0.642,1,0,7,0.0853,-7.726,1,37,0.39,87.079,0.354
0.965,0.105,99627,0.0948,0,0.915,5,0.209,-15.682,0,45,0.0387,80.378,0.0471
0.941,0.315,240440,0.408,0,0.962,4,0.143,-15.993,1,39,0.0301,114.078,0.31
0.00615,0.71,216867,0.858,0,0.0166,4,0.04,-5.395,1,43,0.0361,103.024,0.851
0.306,0.578,198533,0.265,0,0,0,0.203,-14.771,1,37,0.0338,90.206,0.511
0.349,0.705,220507,0.272,0,0.00384,9,0.0777,-12.685,1,47,0.0306,96.062,0.323
0.0346,0.47,143587,0.977,0,0.884,8,0.255,-8.37,1,42,0.0576,135.207,0.461
4.39E-05,0.441,150653,0.981,0,0.000438,6,0.316,-3.545,0,44,0.0714,128.234,0.389
0.251,0.457,301440,0.632,0,0,9,0.0366,-12.243,1,37,0.106,185.288,0.817
0.929,0.341,253467,0.226,0,0.0203,6,0.0927,-15.614,1,37,0.0364,115.885,0.162
0.745,0.611,179333,0.0975,0,0.856,0,0.101,-11.57,1,43,0.0289,88.835,0.399
0.743,0.243,987960,0.192,0,0.777,10,0.0997,-18.237,0,44,0.0388,104.202,0.036
0.668,0.673,161667,0.27,0,4.02E-06,2,0.267,-12.706,1,42,0.0479,119.151,0.964
0.787,0.507,252240,0.341,0,0.000536,6,0.152,-12.217,0,45,0.0802,118.661,0.514
0.461,0.362,300267,0.476,0,7.52E-06,1,0.115,-9.138,1,51,0.0326,144.855,0.12
0.923,0.44,313573,0.219,0,3.58E-05,11,0.959,-15.884,0,38,0.0552,144.149,0.243
0.86,0.567,145573,0.333,0,0.929,3,0.0972,-14.596,1,42,0.0289,130.459,0.625
0.907,0.768,40427,0.482,0,1.24E-06,0,0.39,-15.423,1,41,0.28,79.685,0.465
0.534,0.467,187106,0.184,0,0.000743,0,0.188,-15.771,1,43,0.036,74.123,0.518
0.114,0.814,336533,0.918,0,0,0,0.0436,-5.389,1,37,0.147,105.86,0.732
0.000722,0.732,273502,0.668,1,0,2,0.0931,-9.286,1,37,0.344,87.796,0.301
0.851,0.604,181293,0.26,0,0.0028,6,0.0855,-14.53,0,45,0.0428,113.561,0.109
0.506,0.707,134253,0.58,0,1.03E-06,8,0.298,-9.781,1,45,0.0438,134.381,0.974
0.015,0.617,312227,0.649,0,0.0321,11,0.095,-6.113,1,42,0.0235,94.144,0.739
0.0352,0.774,273960,0.677,0,0.00585,9,0.0561,-9.145,0,47,0.0289,99.995,0.774
0.384,0.622,278067,0.572,0,1.17E-05,1,0.523,-9.16,1,43,0.153,96.073,0.342
0.797,0.677,192400,0.349,0,0.00108,5,0.295,-5.921,0,52,0.032,108.668,0.726
0.00676,0.771,298640,0.499,0,0.00207,6,0.083,-7.681,1,42,0.0769,129.887,0.963
0.327,0.645,219933,0.725,0,0.000346,7,0.379,-8.522,1,48,0.0311,156.009,0.886
0.000284,0.826,248640,0.613,0,2.61E-05,11,0.12,-6.395,0,39,0.0569,131.279,0.602
0.423,0.762,229827,0.415,0,0,3,0.316,-11.262,1,41,0.0302,113.975,0.567
0.155,0.785,229867,0.94,1,0,6,0.337,-4.097,0,44,0.271,94.031,0.833
0.0106,0.78,300427,0.46,0,0.00433,6,0.0907,-9.215,1,42,0.0824,129.901,0.962
0.308,0.505,271400,0.663,0,5.79E-05,2,0.216,-5.904,1,56,0.0341,80.761,0.208
0.447,0.755,201293,0.279,0,0,7,0.0575,-14.788,1,41,0.0328,116.821,0.405
0.598,0.474,226693,0.374,0,0.000226,3,0.125,-11.122,1,44,0.03,128.595,0.356
0.0135,0.603,241733,0.839,1,0,10,0.338,-8.94,0,42,0.289,95.829,0.763
0.892,0.541,168287,0.382,0,0,10,0.15,-9.305,1,45,0.0639,169.245,0.884
0.0391,0.917,288560,0.571,0,0.0116,4,0.138,-6.456,0,50,0.0308,99.879,0.924
0.00923,0.697,232733,0.684,0,1.50E-05,7,0.136,-5.634,1,43,0.0897,91.882,0.596
0.0182,0.787,262613,0.606,0,0.000328,11,0.342,-9.522,0,58,0.195,94.631,0.477
0.867,0.593,161187,0.292,0,7.48E-05,2,0.112,-10.917,1,42,0.0292,132.8,0.514
0.932,0.434,359600,0.028,0,3.75E-05,9,0.111,-17.724,1,49,0.0321,90.275,0.137
0.255,0.769,180467,0.68,0,0.13,7,0.325,-9.731,1,44,0.0818,95.986,0.507
0.847,0.0918,436667,0.0587,0,0.876,9,0.117,-24.013,0,43,0.0381,86.515,0.0362
0.911,0.649,122760,0.438,0,0.759,9,0.136,-12.859,0,59,0.0357,149.897,0.932
0.966,0.349,208147,0.108,0,7.55E-06,2,0.0834,-14.694,1,40,0.0356,129.865,0.188
0.966,0.408,104067,0.206,0,0,0,0.124,-16.018,0,43,0.0417,138.298,0.651
0.164,0.544,272000,0.65,1,0,10,0.225,-8.714,0,49,0.144,84.372,0.833
0.236,0.74,270267,0.569,0,0.00565,1,0.0815,-9.641,0,40,0.0984,90.457,0.608
0.212,0.674,284360,0.608,0,0.835,10,0.078,-9.998,0,47,0.0424,81.024,0.509
0.342,0.495,300173,0.66,0,0,4,0.0922,-5.725,0,43,0.218,141.328,0.422
0.0587,0.711,262107,0.832,0,0,2,0.0341,-5.425,1,39,0.0975,79.869,0.613
0.441,0.63,238893,0.451,0,0.256,0,0.1,-12.337,0,41,0.0267,110.943,0.272
0.991,0.186,108000,0.0107,0,0.00054,4,0.0638,-37.165,1,42,0.0582,79.775,0.117
0.0246,0.54,290233,0.978,0,0.341,1,0.199,-6.858,0,46,0.0565,154.467,0.858
0.0175,0.653,303600,0.79,1,1.26E-05,2,0.0738,-7.608,1,39,0.0812,175.941,0.51
0.00565,0.506,284667,0.974,0,2.92E-06,4,0.0895,-5.014,0,47,0.0548,155.061,0.87
0.362,0.597,182693,0.262,0,1.96E-05,2,0.111,-18.003,1,55,0.0629,136.209,0.13
0.984,0.375,424307,0.121,0,0.871,0,0.0984,-23.44,1,45,0.0406,147.398,0.453
0.000112,0.407,236800,0.928,0,0.142,9,0.196,-6.075,1,45,0.0695,113.878,0.104
0.0157,0.708,358080,0.507,0,0.865,6,0.103,-12.19,1,47,0.145,168.781,0.74
0.369,0.792,144769,0.755,1,0.000726,7,0.2,-6.459,1,43,0.312,132.817,0.625
0.473,0.569,217929,0.34,0,0,9,0.137,-8.363,1,44,0.0266,136.211,0.253
0.288,0.661,231720,0.509,0,0,9,0.0724,-9.29,1,45,0.0292,126.098,0.217
0.0629,0.804,339307,0.519,0,0,9,0.0439,-7.424,1,39,0.308,75.043,0.744
0.428,0.784,233933,0.696,1,1.13E-06,8,0.0973,-8.449,1,45,0.311,86.903,0.704
0.103,0.751,254467,0.835,0,0.000831,1,0.12,-4.54,1,40,0.267,198.289,0.6
0.606,0.311,214893,0.463,0,2.15E-05,6,0.263,-10.838,1,47,0.0601,159.401,0.594
0.543,0.735,163200,0.843,0,8.87E-05,7,0.09,-6.732,1,43,0.187,136.567,0.8
0.0254,0.791,278493,0.821,1,0.0299,6,0.228,-3.441,1,40,0.236,91.89,0.782
0.785,0.721,184707,0.558,0,0,10,0.117,-7.68,1,52,0.0285,120.211,0.958
0.342,0.483,177440,0.54,0,0,2,0.311,-8.015,1,48,0.112,178.485,0.867
0.0242,0.521,298827,0.892,0,0.681,10,0.0667,-6.905,0,49,0.115,164.049,0.299
0.00137,0.444,204973,0.831,0,0.0002,5,0.0223,-7.468,0,0,0.104,104.807,0.7
0.0337,0.351,152933,0.395,0,0.00454,10,0.122,-8.745,1,52,0.0361,176.836,0.302
0.352,0.66,244027,0.638,0,0,3,0.176,-5.322,1,11,0.0295,147.929,0.531
0.000883,0.564,260093,0.873,1,0.00505,2,0.111,-6.102,1,46,0.0997,178.1,0.616
0.00338,0.384,258080,0.838,0,0.00515,0,0.0724,-7.156,1,0,0.0671,127.528,0.532
0.9,0.635,252333,0.315,0,0.803,8,0.326,-13.359,1,51,0.0281,131.806,0.149
0.000241,0.57,514787,0.84,0,0.876,6,0.0697,-8.405,0,0,0.0446,138.011,0.275
0.0346,0.542,274467,0.946,1,0,6,0.323,-4.279,1,46,0.378,146.7,0.509
0.00637,0.35,195960,0.956,0,2.79E-06,9,0.353,-6.289,0,0,0.117,109.804,0.214
0.289,0.392,183120,0.608,0,9.97E-05,2,0.261,-9.797,1,46,0.0719,95.381,0.565
0.0012,0.436,266760,0.635,0,0.149,9,0.164,-6.493,1,0,0.0368,110.028,0.689
0.218,0.588,177987,0.488,0,0,3,0.0871,-10.218,1,45,0.0304,108.687,0.578
0.857,0.408,199693,0.247,0,0.000338,5,0.132,-11.914,1,4,0.0278,91.781,0.203
0.891,0.404,115696,0.182,0,0.000429,1,0.0732,-13.295,1,50,0.069,204.163,0.842
0.865,0.722,112129,0.214,0,1.15E-05,6,0.125,-15.484,0,0,0.0677,102.047,0.765
0.00089,0.317,460000,0.958,1,0.000184,9,0.103,-4.051,1,53,0.0989,137.921,0.422
0.754,0.641,151766,0.247,0,3.19E-06,5,0.0997,-15.979,1,0,0.0403,133.722,0.683
0.544,0.814,197333,0.944,0,7.91E-06,4,0.0642,-2.758,0,57,0.0532,130.082,0.961
0.0502,0.59,306867,0.724,0,0.457,11,0.127,-8.57,0,0,0.0346,109.999,0.359
0.431,0.598,200707,0.732,0,3.31E-06,5,0.1,-5.098,1,47,0.0259,106.92,0.549
0.829,0.417,328075,0.108,0,0,4,0.082,-19.709,1,0,0.0355,106.544,0.119
0.672,0.745,186049,0.406,0,0,10,0.0384,-5.78,1,49,0.0523,98.953,0.965
0.0265,0.499,268400,0.637,0,0.228,2,0.226,-9.035,1,53,0.0401,125.198,0.103
5.55E-06,0.333,212915,0.836,1,0.043,7,0.161,-3.826,1,0,0.0343,121.085,0.452
0.209,0.651,251267,0.67,1,0,0,0.122,-3.786,1,53,0.283,83.558,0.241
0.122,0.502,171874,0.767,0,0.886,5,0.109,-10.308,0,0,0.0292,140.007,0.5
0.0141,0.745,393813,0.714,0,0.0222,7,0.363,-3.681,1,63,0.0751,104.003,0.365
0.0246,0.832,260127,0.873,0,0.67,6,0.155,-7.203,1,0,0.137,119.985,0.914
0.142,0.782,166427,0.646,0,0,1,0.139,-4.077,0,53,0.0375,123.863,0.9
9.69E-05,0.534,438173,0.959,0,0.844,1,0.122,-7.012,1,0,0.0602,140.008,0.16
0.000553,0.445,203813,0.964,0,0,0,0.696,-3.278,1,50,0.0803,160.153,0.511
0.00158,0.719,343080,0.832,0,0.879,4,0.0776,-7.506,0,0,0.0477,130.005,0.0377
0.0104,0.708,184307,0.622,0,0,0,0.0735,-8.154,1,47,0.0409,134.023,0.777
0.164,0.581,384052,0.867,0,0.882,4,0.084,-7.281,0,0,0.0484,125.026,0.928
0.394,0.682,198213,0.742,0,0,0,0.168,-3.383,0,54,0.0477,172.019,0.915
0.000452,0.892,280111,0.66,0,0.576,1,0.115,-7.512,1,0,0.118,120.031,0.155
0.579,0.569,135693,0.44,0,0.725,5,0.115,-10.598,0,49,0.0341,118.382,0.326
0.000297,0.708,381946,0.795,0,0.854,8,0.108,-9.681,1,0,0.0483,127.988,0.197
0.0084,0.611,214933,0.82,0,0,4,0.107,-2.784,1,63,0.0316,94.981,0.786
0.0104,0.681,223739,0.637,0,0.732,10,0.0982,-8.735,0,0,0.0565,103.011,0.458
0.321,0.557,236933,0.683,0,0,1,0.0588,-4.867,1,54,0.0283,129.977,0.666
0.00104,0.801,485760,0.73,0,0.923,6,0.0783,-10.285,0,0,0.0645,125.013,0.337
0.599,0.773,391467,0.598,0,0.00715,0,0.123,-7.355,0,50,0.0414,140.926,0.862
0.123,0.559,239867,0.713,0,0,8,0.1,-4.029,0,3,0.0318,164.048,0.734
0.0465,0.677,218333,0.771,0,0,4,0.165,-5.852,1,50,0.0471,99.91,0.936
0.103,0.725,255200,0.593,0,0,0,0.115,-8.085,1,2,0.0378,140.006,0.674
0.348,0.208,285627,0.716,0,0,8,0.101,-4.008,1,48,0.0333,84.133,0.443
0.00526,0.673,242390,0.451,0,0.745,5,0.121,-7.926,0,0,0.0245,102.97,0.649
0.00382,0.859,274227,0.773,1,0,7,0.129,-4.549,1,49,0.266,166.824,0.691
0.000194,0.803,393748,0.726,0,0.924,6,0.0985,-10.003,1,0,0.0841,128.041,0.0384
0.00441,0.543,208614,0.871,0,1.20E-06,8,0.0699,-12.565,1,50,0.0536,154.528,0.784
0.001,0.676,495118,0.478,0,0.884,6,0.0847,-12.594,0,0,0.0713,126.986,0.0366
0.202,0.858,168027,0.896,0,0,0,0.0892,-4.454,0,54,0.0491,93.428,0.967
0.0148,0.752,212271,0.874,0,0.849,0,0.0875,-5.375,0,0,0.044,95.001,0.805
0.000845,0.269,176867,0.967,0,0,6,0.0541,-2.744,1,55,0.0964,162.804,0.598
0.174,0.707,282147,0.365,0,3.82E-06,4,0.0981,-10.304,0,2,0.036,99.996,0.663
0.704,0.485,202253,0.641,0,9.92E-05,3,0.159,-8.752,1,50,0.0418,168.645,0.855
3.58E-06,0.153,244247,0.944,1,0.468,7,0.326,-3.352,1,0,0.0636,176.174,0.534
0.56,0.648,212893,0.278,0,0.00728,11,0.122,-9.25,0,48,0.037,118.827,0.303
1.77E-05,0.232,256165,0.882,0,0.0349,8,0.235,-3.132,1,0,0.0417,79.455,0.578
0.564,0.434,240267,0.608,0,0,2,0.283,-4.281,1,48,0.0311,78.606,0.331
8.18E-05,0.341,252799,0.963,0,0.0701,5,0.0874,-3.652,0,0,0.076,142.001,0.193
0.0531,0.513,237360,0.606,0,0,6,0.112,-5.757,1,54,0.148,116.186,0.455
0.532,0.524,202632,0.39,0,0.878,10,0.116,-15.17,1,0,0.0271,91.011,0.162
7.02E-05,0.508,226293,0.848,0,0,9,0.132,-5.267,1,53,0.0383,120.012,0.544
0.000244,0.806,360096,0.745,0,0.924,8,0.0916,-6.931,1,0,0.0547,128.001,0.511
0.0755,0.576,292479,0.589,0,0,7,0.0948,-7.334,0,59,0.4,179.832,0.373
0.165,0.623,350407,0.427,0,0.768,5,0.0963,-6.554,0,0,0.0909,136.952,0.224
0.483,0.474,271373,0.482,0,3.27E-06,4,0.115,-6.746,0,48,0.0262,147.376,0.172
0.00597,0.491,278147,0.665,0,2.36E-06,11,0.198,-4.226,1,8,0.0281,75.016,0.566
0.0353,0.561,185920,0.716,0,0,8,0.122,-3.341,1,49,0.0291,152.089,0.667
0.21,0.677,221989,0.761,0,0.73,0,0.139,-6.213,0,0,0.0447,92.946,0.551
0.0498,0.738,266347,0.811,0,0.000167,1,0.102,-6.035,1,55,0.182,171.76,0.504
0.0165,0.595,186723,0.477,0,0.922,9,0.105,-11.653,1,0,0.067,180.095,0.508
0.232,0.833,299947,0.575,0,0,4,0.139,-9.341,0,48,0.238,78.689,0.807
0.000145,0.611,184880,0.93,0,0.0262,11,0.0646,-6.157,0,0,0.0396,131.954,0.454
0.619,0.811,266627,0.447,1,0.00107,11,0.214,-6.876,0,47,0.054,160.009,0.713
0.00983,0.692,495484,0.431,0,0.814,0,0.0913,-11.137,1,0,0.0447,123.981,0.141
0.565,0.361,252560,0.47,0,0.000396,0,0.0728,-9.765,1,46,0.0324,200.273,0.431
0.242,0.747,498000,0.294,0,0.952,10,0.103,-20.02,0,0,0.0821,127.998,0.0574
0.7,0.614,196467,0.589,0,0,1,0.069,-8.667,1,56,0.0573,111.879,0.894
0.0252,0.46,221707,0.889,0,0.813,9,0.0898,-3.412,1,0,0.0346,108.165,0.542
0.464,0.717,158693,0.595,0,6.63E-05,10,0.0917,-6.491,1,50,0.0538,108.668,0.945
0.00142,0.687,226926,0.609,0,0.946,7,0.0694,-9.955,1,0,0.049,109.986,0.816
0.115,0.737,228107,0.518,0,0.000102,4,0.0964,-6.736,1,63,0.0405,128.031,0.33
0.0338,0.63,215960,0.884,0,0,6,0.0647,-7.765,0,6,0.0385,130.037,0.77
0.0124,0.674,160600,0.607,0,0.87,1,0.147,-7.76,1,51,0.057,77.845,0.712
0.194,0.571,271438,0.919,0,0.0152,4,0.129,-6.962,0,0,0.12,102.983,0.392
0.353,0.499,419200,0.766,0,0,8,0.0791,-5.484,1,50,0.127,135.159,0.401
0.000415,0.813,418064,0.615,0,0.847,1,0.104,-14.869,1,0,0.12,124.006,0.658
0.563,0.724,168813,0.712,0,3.87E-05,11,0.0492,-5.4,1,50,0.0616,99.669,0.946
0.406,0.707,202162,0.744,0,0.928,7,0.105,-10.359,1,0,0.0407,95.002,0.338
0.919,0.262,271133,0.209,0,1.98E-06,2,0.0805,-10.685,1,56,0.0385,121.487,0.141
0.181,0.804,214439,0.463,0,0.916,9,0.163,-9.395,0,1,0.0416,149.994,0.658
0.00592,0.385,198973,0.691,1,0,6,0.595,-6.919,0,50,0.0924,111.278,0.352
0.304,0.587,294896,0.677,0,0.834,9,0.0816,-8.988,1,0,0.0322,140.02,0.217
5.51E-05,0.55,234053,0.921,0,0.000214,3,0.0999,-4.606,0,49,0.0312,107.013,0.354
0.221,0.65,530025,0.576,0,0.913,11,0.356,-14.142,1,0,0.035,129.994,0.0364
0.0577,0.821,180560,0.785,0,0,2,0.0227,-7.639,1,54,0.0664,174.216,0.971
0.000726,0.313,197003,0.915,1,0.0263,10,0.0642,-4.053,1,0,0.0851,185.052,0.538
0.0275,0.732,272000,0.696,0,7.31E-05,11,0.095,-7.585,0,50,0.0404,88.794,0.806
0.000497,0.665,426659,0.949,0,0.905,9,0.115,-6.894,1,0,0.0445,136.989,0.318
0.262,0.908,254960,0.666,1,0,8,0.147,-6.84,0,58,0.124,106.913,0.278
0.233,0.766,315376,0.54,0,0.897,1,0.0474,-6.494,1,0,0.0369,137.017,0.868
0.734,0.296,132107,0.0383,0,0.711,4,0.133,-31.888,0,49,0.0337,124.621,0.168
0.00979,0.547,199347,0.995,0,0.871,7,0.326,-6.542,0,0,0.112,141.997,0.18
0.445,0.668,280960,0.437,0,1.58E-06,2,0.17,-10.491,1,49,0.032,81.833,0.614
1.04E-05,0.318,241493,0.912,1,0.0421,11,0.136,-2.88,0,0,0.0474,90.282,0.448
1.26E-05,0.254,196573,0.959,0,7.31E-06,9,0.483,-3.447,1,56,0.0672,186.438,0.525
0.0314,0.569,261851,0.841,0,0.778,0,0.0828,-5.553,1,0,0.0279,99.078,0.292
0.264,0.34,282333,0.619,0,0,0,0.143,-5.622,1,48,0.0354,146.207,0.242
0.0156,0.497,227737,0.902,0,0.26,5,0.0885,-7.533,1,0,0.0605,137.007,0.59
0.00756,0.47,238080,0.932,0,0.000109,1,0.0649,-5.699,0,47,0.0777,200.733,0.921
0.00186,0.713,420441,0.905,0,0.896,5,0.0577,-9.095,1,0,0.0522,128.003,0.587
0.0382,0.674,275773,0.549,1,1.29E-05,4,0.108,-5.753,0,47,0.0423,85.997,0.491
0.0275,0.673,235540,0.971,0,0.9,3,0.0893,-7.788,1,0,0.082,139.993,0.168
0.527,0.699,191360,0.716,0,0,0,0.162,-3.998,1,49,0.0536,130.014,0.974
0.647,0.768,221100,0.515,0,0.843,9,0.104,-6.507,1,0,0.0638,113.74,0.402
0.876,0.239,311107,0.287,0,0.644,7,0.122,-12.565,0,55,0.0388,71.608,0.185
4.52E-06,0.304,183225,0.91,1,0.00665,11,0.141,-2.584,0,0,0.031,98.58,0.356
0.0337,0.95,284800,0.651,1,0,5,0.0424,-4.226,0,53,0.0547,104.495,0.777
7.96E-06,0.302,204969,0.908,1,0.723,5,0.161,-3.173,0,0,0.0407,92.932,0.492
0.0896,0.493,252600,0.573,0,0,1,0.0413,-7.93,1,52,0.0282,77.126,0.473
0.326,0.568,280059,0.698,0,0.906,2,0.0978,-8.801,1,0,0.0299,119.977,0.166
0.000466,0.536,210787,0.891,0,0.00244,7,0.198,-8.193,1,51,0.0608,131.152,0.794
0.548,0.87,206550,0.457,0,0.753,8,0.102,-8.707,1,0,0.118,114.612,0.441
0.082,0.803,247160,0.718,0,0.00094,9,0.0791,-6.457,0,54,0.0357,115.023,0.933
0.0615,0.503,256253,0.92,0,0,2,0.317,-2.404,0,2,0.123,143.818,0.353
8.69E-05,0.443,299987,0.785,0,0.0102,10,0.428,-6.031,1,51,0.0313,92.415,0.344
0.227,0.279,232556,0.645,0,0.0461,9,0.0858,-3.822,0,0,0.0338,135.685,0.298
0.916,0.17,282773,0.212,0,0.9,8,0.116,-15.321,1,56,0.0386,79.669,0.0435
0.00233,0.647,254929,0.569,0,0.949,8,0.127,-10.206,1,0,0.034,113.008,0.328
0.0302,0.316,268707,0.684,0,0.215,11,0.219,-6.447,1,48,0.0327,139.863,0.175
0.836,0.41,277107,0.509,0,0.8,2,0.211,-8.681,1,0,0.0312,89.972,0.269
0.0929,0.446,235427,0.356,0,1.63E-05,7,0.108,-8.857,1,52,0.0275,83.224,0.291
3.20E-05,0.606,460952,0.843,0,0.505,7,0.354,-8.977,0,0,0.054,125.994,0.087
0.116,0.615,245296,0.841,0,5.01E-05,7,0.122,-5.702,1,63,0.0391,126.975,0.908
0.237,0.486,289027,0.571,0,0,11,0.156,-7.077,1,8,0.0364,177.894,0.42
0.113,0.499,232707,0.765,0,0,9,0.0509,-4.148,1,48,0.0521,83.916,0.665
2.91E-06,0.727,435551,0.875,0,0.871,10,0.0489,-8.166,0,0,0.0608,128.006,0.16
0.509,0.762,213973,0.685,0,0,9,0.349,-5.222,1,55,0.0587,110.848,0.965
0.458,0.542,286107,0.719,0,2.39E-06,3,0.138,-4.257,1,3,0.0425,160.019,0.417
0.165,0.855,242253,0.674,0,0,7,0.0548,-4.328,1,56,0.314,95.991,0.578
1.11E-05,0.144,204466,0.844,1,4.44E-05,2,0.0653,-3.396,1,0,0.0454,168.153,0.602
0.109,0.633,247827,0.886,0,0,1,0.0438,-3.892,1,48,0.0456,81.811,0.753
0.00145,0.759,264098,0.516,0,0.709,0,0.0825,-13.146,1,0,0.0416,120.006,0.128
0.158,0.654,309800,0.637,1,1.28E-05,10,0.338,-6.915,0,65,0.293,81.947,0.364
0.141,0.818,268852,0.732,0,0.772,5,0.0819,-7.998,1,0,0.0368,100.001,0.607
0.0561,0.639,194427,0.691,1,0,1,0.0911,-7.21,1,46,0.0834,74.982,0.286
0.367,0.452,181029,0.606,0,0.926,6,0.108,-12.179,0,0,0.0391,119.553,0.386
0.0908,0.546,137240,0.864,0,0.00814,7,0.277,-7.632,1,46,0.0393,145.652,0.863
5.06E-05,0.472,249208,0.873,0,0.00621,7,0.107,-4.219,1,0,0.0326,135.037,0.611
0.0666,0.641,229160,0.528,0,0.000362,8,0.0729,-11.11,1,48,0.0254,101.399,0.524
0.629,0.835,242680,0.634,0,4.48E-06,3,0.178,-7.052,1,2,0.0292,103.986,0.658
0.553,0.49,205480,0.581,0,0.0177,5,0.0764,-6.566,1,49,0.0388,88.718,0.318
0.00518,0.672,560065,0.68,0,0.896,2,0.0868,-14.679,0,0,0.0367,114.008,0.727
4.84E-05,0.5,229107,0.899,0,0.000198,4,0.0794,-4.066,1,61,0.0736,130.06,0.566
2.35E-05,0.626,217783,0.873,0,0.783,1,0.125,-12.253,0,0,0.0611,193.972,0.537
0.624,0.6,294093,0.556,0,0.00735,1,0.0837,-7.294,1,50,0.026,105.957,0.233
0.000951,0.772,495484,0.546,0,0.924,2,0.102,-7.413,1,0,0.0543,124,0.0862
0.755,0.522,136627,0.326,0,2.26E-05,3,0.36,-6.448,1,54,0.0273,87.535,0.443
0.00379,0.768,281887,0.783,0,0.72,0,0.369,-8.04,1,0,0.113,109.012,0.146
0.823,0.138,244227,0.152,0,0.886,7,0.0963,-15.867,0,51,0.0334,85.779,0.0925
0.0778,0.622,235667,0.4,0,0,2,0.111,-8.343,1,2,0.0333,144.067,0.258
0.000382,0.342,151840,0.981,0,7.25E-06,3,0.108,-2.963,1,54,0.146,90.957,0.557
0.042,0.31,208039,0.668,0,0.818,4,0.0731,-7.058,0,0,0.0687,77.977,0.105
0.367,0.259,276613,0.936,0,0,0,0.0565,-5.261,1,49,0.151,143.756,0.166
0.0119,0.606,223609,0.963,0,0.543,5,0.299,-8.71,0,1,0.141,139.013,0.364
0.00523,0.501,223280,0.929,0,1.84E-06,9,0.167,-2.989,1,52,0.0539,146.982,0.455
0.00181,0.617,432303,0.674,0,0.905,1,0.104,-9.088,0,0,0.0541,124.996,0.153
0.129,0.506,297427,0.93,0,0.00682,4,0.0931,-3.499,1,68,0.0675,146.994,0.305
0.000412,0.64,201333,0.829,0,4.26E-05,6,0.359,-7.716,0,0,0.0525,128.017,0.958
0.337,0.514,155773,0.756,0,0,10,0.135,-7.988,0,51,0.147,90.307,0.764
0.0029,0.709,172566,0.966,0,0.716,3,0.0786,-8.458,0,0,0.0713,136.04,0.569
0.183,0.505,272573,0.617,0,1.54E-06,5,0.189,-5.548,1,62,0.0328,172.882,0.237
0.00755,0.775,502680,0.616,0,0.881,0,0.113,-8.415,1,0,0.0579,124.989,0.035
0.0151,0.546,223667,0.508,0,0.00109,0,0.116,-6.301,0,55,0.0266,153.721,0.385
0.0765,0.626,200046,0.913,0,0.627,9,0.0908,-9.882,0,0,0.037,95.995,0.482
0.241,0.598,290560,0.669,0,0.428,1,0.131,-7.691,0,49,0.0281,117.274,0.297
0.0123,0.687,358095,0.536,0,0.913,10,0.108,-12.525,0,0,0.0374,126.018,0.0391
0.252,0.549,192227,0.71,0,0,1,0.417,-6.871,1,49,0.492,74.944,0.536
0.351,0.881,287347,0.695,0,0.635,0,0.0783,-6.641,1,0,0.0652,136.967,0.383
0.00367,0.465,231933,0.899,0,0.000356,5,0.11,-3.814,1,49,0.0605,146.11,0.328
0.412,0.563,258027,0.745,0,0.000517,8,0.145,-5.032,1,6,0.0296,81.979,0.422
0.401,0.774,215147,0.611,0,0,9,0.121,-3.993,1,50,0.0704,141.626,0.961
0.000198,0.714,506450,0.836,0,0.912,7,0.058,-9.882,1,0,0.0491,130.008,0.704
0.0133,0.456,294240,0.617,0,5.95E-05,5,0.116,-6.252,1,58,0.0273,133.917,0.3
1.04E-05,0.368,274573,0.696,0,0.178,5,0.234,-4.762,0,0,0.0361,81.506,0.429
0.258,0.804,209307,0.57,0,0.0112,1,0.394,-7.859,1,47,0.0614,95.811,0.899
0.0124,0.58,413333,0.726,0,0.87,8,0.111,-9.673,1,0,0.0401,125.993,0.108
0.0813,0.533,223200,0.665,0,1.86E-05,5,0.332,-5.632,1,47,0.0317,80.975,0.212
0.279,0.769,260960,0.572,0,0,5,0.105,-8.292,1,8,0.0274,84.009,0.776
0.397,0.541,249800,0.59,0,2.60E-05,2,0.145,-8.602,1,49,0.0675,113.158,0.132
0.0144,0.657,232464,0.556,0,0.904,10,0.145,-9.555,1,0,0.0253,95.01,0.294
0.0533,0.548,171800,0.957,0,3.37E-06,1,0.683,-3.189,1,52,0.162,109.638,0.514
0.922,0.491,269113,0.52,0,0.825,11,0.115,-6.462,0,0,0.034,150.003,0.0973
0.000173,0.529,334187,0.688,0,0.0239,8,0.141,-5.722,0,49,0.0313,113.289,0.223
2.54E-05,0.217,207750,0.949,0,0.201,6,0.103,-4.552,0,0,0.0813,169.187,0.406
0.0446,0.591,164440,0.864,0,0.00571,4,0.279,-4.706,0,47,0.0399,131.006,0.728
0.000912,0.812,362031,0.752,0,0.565,8,0.387,-6.997,1,0,0.0529,121.993,0.576
0.297,0.511,252987,0.612,0,0.000206,0,0.177,-8.212,1,39,0.0345,86.931,0.866
0.311,0.243,1321360,0.59,0,0.00336,9,0.111,-9.522,1,22,0.0506,158.057,0.201
0.177,0.517,194240,0.683,0,0.00214,4,0.939,-10.345,0,35,0.0424,136.798,0.643
0.0567,0.305,681667,0.381,0,0.0212,4,0.0972,-14.163,0,32,0.0331,115.888,0.101
0.645,0.348,753373,0.855,0,0.492,0,0.704,-4.746,1,24,0.0745,95.815,0.431
0.995,0.44,260533,0.0192,0,0.946,0,0.107,-30.338,0,27,0.0613,65.218,0.101
0.374,0.471,207160,0.927,0,0.000117,10,0.0671,-6.322,1,33,0.0648,111.627,0.766
0.696,0.412,244785,0.771,0,1.56E-05,4,0.884,-7.28,0,23,0.108,135.015,0.517
0.55,0.64,181440,0.294,0,0.154,2,0.108,-12.943,0,39,0.0315,110.298,0.521
0.31,0.606,186400,0.854,0,0,8,0.0565,-7.639,1,25,0.0536,95.128,0.928
0.739,0.0943,215307,0.0717,0,0.0274,1,0.0818,-20.025,1,34,0.0342,67.601,0.0397
0.228,0.575,149760,0.635,0,0,5,0.272,-8.602,1,24,0.0394,128.936,0.619
0.0892,0.699,224400,0.541,0,9.10E-06,0,0.129,-12.576,1,26,0.0451,89.628,0.681
0.612,0.624,150880,0.532,0,5.33E-05,9,0.328,-8.154,1,22,0.026,113.495,0.401
0.0812,0.465,168000,0.909,0,0,0,0.316,-6.013,1,25,0.0436,158.637,0.961
0.439,0.363,307000,0.221,0,0.821,7,0.261,-16.607,1,23,0.0308,72.775,0.263
0.826,0.445,196107,0.553,0,8.20E-05,7,0.0882,-11.494,0,31,0.355,88.263,0.366
0.000357,0.445,232947,0.919,0,0.146,10,0.344,-4.798,0,30,0.0909,133.671,0.552
0.968,0.281,209840,0.0835,0,7.43E-05,7,0.114,-19.901,1,25,0.0371,87.11,0.114
0.383,0.84,175973,0.702,0,1.05E-05,7,0.131,-7.44,1,26,0.031,111.49,0.938
0.0409,0.581,263493,0.603,0,4.46E-05,5,0.312,-12.93,1,26,0.033,122.897,0.954
0.807,0.395,246027,0.347,0,0.0025,5,0.131,-12.2,1,25,0.0278,95.959,0.22
0.689,0.742,321600,0.591,0,0.0356,2,0.0679,-5.437,0,28,0.0338,113.362,0.686
0.103,0.439,212693,0.857,0,0,9,0.22,-6.114,1,25,0.0352,157.342,0.91
0.234,0.604,148667,0.767,0,3.73E-05,0,0.0868,-10.83,1,30,0.0447,149.228,0.815
0.81,0.324,408400,0.39,0,0.0231,0,0.103,-11.127,0,28,0.0339,121.64,0.317
0.135,0.4,180000,0.295,0,0.000162,7,0.297,-14.375,1,48,0.0373,121.568,0.234
0.587,0.624,295507,0.279,0,0,0,0.131,-13.714,1,51,0.0549,108.234,0.194
0.377,0.651,238800,0.68,0,0.0678,4,0.938,-10.053,0,28,0.0529,83.189,0.87
0.468,0.394,282373,0.422,0,0,5,0.095,-10.693,1,30,0.0263,76.385,0.442
0.227,0.581,190454,0.436,0,0.00455,0,0.733,-13.846,1,26,0.0299,149.057,0.512
0.424,0.694,193387,0.601,0,0,9,0.0423,-6.536,1,39,0.0355,84.118,0.783
0.193,0.623,196413,0.804,0,0,2,0.312,-7.219,1,25,0.147,112.648,0.896
0.108,0.605,151920,0.493,0,7.88E-05,7,0.0693,-12.201,1,28,0.0319,88.826,0.925
0.738,0.218,415787,0.627,0,0.035,2,0.0942,-7.699,1,31,0.0339,143.371,0.173
0.879,0.402,409307,0.654,0,0.000119,0,0.114,-9.714,0,30,0.633,175.441,0.279
0.853,0.206,115027,0.322,0,0.695,9,0.831,-14.595,1,31,0.0382,93.405,0.299
0.072,0.701,208774,0.647,0,0.453,4,0.285,-6.869,0,25,0.0524,92.692,0.716
0.74,0.565,254160,0.811,0,2.73E-05,5,0.0227,-3.672,1,22,0.0548,105.69,0.929
0.525,0.682,164627,0.332,0,0,5,0.0966,-13.061,1,21,0.0367,107.341,0.745
0.868,0.45,270893,0.127,0,0.00171,8,0.135,-16.364,1,27,0.0368,135.814,0.269
0.0218,0.328,258600,0.497,0,0.00519,0,0.487,-12.033,1,27,0.0286,94.567,0.265
0.15,0.728,300354,0.881,0,0.000832,2,0.119,-6.518,1,25,0.0365,132.019,0.878
0.53,0.519,208707,0.752,0,0.000513,0,0.0791,-9.805,1,30,0.0288,132.25,0.882
0.605,0.487,232000,0.78,0,1.72E-05,5,0.141,-9.667,1,27,0.202,174.998,0.708
0.584,0.172,139667,0.0949,0,0.626,5,0.156,-22.061,1,31,0.0409,87.659,0.0357
0.718,0.485,250813,0.369,0,3.46E-06,1,0.108,-9.384,1,25,0.0258,148.892,0.426
0.697,0.566,203787,0.851,0,0,5,0.299,-5.895,1,29,0.0476,104.611,0.824
0.0343,0.48,108373,0.838,0,6.70E-05,4,0.806,-12.855,0,22,0.0505,115.603,0.561
0.173,0.31,595200,0.427,0,0.00597,9,0.0217,-12.028,0,24,0.0394,120.728,0.0644
0.349,0.214,233933,0.388,0,7.78E-05,6,0.221,-13.04,1,27,0.0381,164.978,0.346
0.272,0.598,283067,0.907,0,0.000645,9,0.736,-6.589,1,34,0.048,93.873,0.82
0.385,0.587,216573,0.582,0,0.000524,8,0.165,-8.99,0,30,0.0305,139.775,0.59
0.333,0.696,238120,0.917,0,0.000472,2,0.0889,-6.187,1,24,0.0365,149.448,0.962
0.81,0.582,178053,0.287,0,0.00291,7,0.491,-14.584,1,25,0.0267,77.343,0.854
0.981,0.339,226667,0.14,0,0.853,11,0.932,-27.464,0,29,0.0783,78.165,0.474
0.554,0.408,346573,0.614,0,0.0403,9,0.0949,-8.127,0,35,0.0401,122.147,0.296
0.388,0.66,304027,0.554,0,0.446,5,0.0915,-15.08,0,25,0.0344,121.825,0.851
0.239,0.531,247414,0.453,0,0,5,0.231,-9.117,1,27,0.027,121.058,0.351
0.876,0.614,169627,0.5,0,0.000341,0,0.173,-9.697,0,33,0.0267,97.526,0.317
0.0308,0.66,265387,0.706,0,0.00223,7,0.0996,-8.009,0,21,0.0356,139.483,0.931
0.249,0.698,160040,0.771,0,0.0423,2,0.0659,-8.852,1,24,0.0309,131.968,0.939
0.356,0.565,234947,0.307,0,0,2,0.0877,-12.139,1,28,0.046,63.629,0.184
0.233,0.377,315333,0.416,0,0.000158,0,0.638,-15.447,1,33,0.0337,88.352,0.437
0.676,0.391,1001120,0.59,0,0.553,9,0.0661,-13.622,1,27,0.0449,113.675,0.479
0.766,0.381,277240,0.289,0,6.79E-06,3,0.115,-11.592,1,22,0.0306,139.781,0.272
0.637,0.519,273045,0.375,0,0.0632,7,0.0991,-9.199,1,22,0.026,129.569,0.344
0.0262,0.535,179667,0.592,0,1.06E-06,9,0.0917,-10.178,1,20,0.154,178.698,0.666
0.434,0.538,181600,0.308,0,0,7,0.123,-7.779,0,32,0.0384,97.118,0.465
0.00742,0.468,307240,0.471,0,0.0824,2,0.044,-17.944,1,24,0.037,129.262,0.419
0.372,0.246,1238440,0.423,0,0.000325,2,0.294,-8.949,1,30,0.0293,76.772,0.172
0.699,0.44,423227,0.415,0,0.12,1,0.102,-12.097,0,21,0.0468,76.637,0.333
0.071,0.517,292533,0.889,0,0.00654,2,0.0625,-5.465,1,27,0.041,147.638,0.923
0.193,0.879,145640,0.448,0,2.78E-05,5,0.0699,-11.958,1,27,0.0402,102.324,0.979
0.0394,0.41,173693,0.75,0,0.00184,0,0.0971,-10.854,1,29,0.0605,126.346,0.501
0.669,0.561,127640,0.151,0,5.08E-05,7,0.0928,-18.027,1,30,0.0442,120.694,0.455
0.846,0.198,200160,0.479,0,0.00914,1,0.121,-13.888,1,22,0.0397,76.086,0.575
0.56,0.53,221027,0.662,0,0.0521,10,0.72,-11.856,0,27,0.0591,171.575,0.771
0.118,0.851,191187,0.369,0,0.0115,6,0.133,-13.339,0,25,0.0626,94.617,0.7
0.405,0.659,208533,0.523,0,0.00475,0,0.112,-10.393,1,29,0.0897,137.83,0.793
0.35,0.314,248160,0.536,0,0.0085,5,0.127,-10.059,1,21,0.0322,99.812,0.276
0.911,0.673,413800,0.135,0,0.574,7,0.1,-20.876,0,30,0.0364,123.575,0.358
0.404,0.704,149680,0.319,0,4.76E-06,7,0.225,-14.521,1,28,0.0309,111.054,0.707
0.118,0.463,255987,0.427,0,0.0464,7,0.602,-13.508,1,43,0.0501,93.994,0.116
0.0741,0.548,218760,0.778,0,0.0145,10,0.103,-10.185,1,20,0.0698,148.326,0.66
0.405,0.519,267133,0.413,0,0,10,0.125,-13.067,1,26,0.0448,128.871,0.5
0.276,0.37,207827,0.562,0,0.000214,9,0.108,-6.801,1,22,0.0278,168.104,0.516
0.178,0.359,302333,0.945,0,1.54E-05,9,0.344,-5.176,1,40,0.0785,137.372,0.518
0.0668,0.465,171067,0.903,0,7.99E-06,0,0.167,-5.601,1,27,0.041,75.01,0.921
0.0164,0.547,255893,0.618,0,0.22,0,0.211,-12.158,1,23,0.0493,119.153,0.502
0.193,0.461,159600,0.68,0,0,7,0.489,-10.457,1,26,0.0343,80.222,0.699
0.761,0.538,212467,0.356,0,1.83E-05,4,0.103,-13.669,1,41,0.0392,133.883,0.499
0.21,0.59,320733,0.706,0,0,11,0.0877,-9.878,0,26,0.0724,145.045,0.836
0.706,0.565,340440,0.148,0,0.81,5,0.044,-21.052,0,23,0.0344,69.295,0.0596
0.929,0.477,204373,0.36,0,0.115,7,0.384,-13.21,1,31,0.0524,105.422,0.152
0.33,0.678,205401,0.58,0,1.70E-06,9,0.114,-6.945,0,34,0.0432,86.548,0.731
0.426,0.621,141373,0.704,0,0,2,0.201,-10.201,1,27,0.04,151.262,0.936
0.497,0.587,170427,0.347,0,0,5,0.092,-12.948,0,25,0.124,161.821,0.909
0.0327,0.565,140945,0.63,0,0.00146,7,0.0697,-14.295,1,28,0.04,90.567,0.966
0.486,0.627,202480,0.615,0,2.84E-05,7,0.363,-10.601,1,26,0.049,125.868,0.678
0.994,0.302,119267,0.415,0,0.446,7,0.231,-10.394,1,0,0.0459,139.631,0.293
0.879,0.582,46440,0.0539,0,1.29E-05,11,0.139,-18.304,1,0,0.177,96.844,0.314
0.933,0.561,310573,0.204,0,0.856,0,0.103,-20.299,0,0,0.0369,137.475,0.615
0.907,0.478,176773,0.117,0,0,5,0.257,-16.264,1,0,0.046,67.912,0.139
0.971,0.499,272573,0.155,0,0.000156,10,0.0668,-17.074,1,0,0.0585,80.726,0.237
0.935,0.335,138040,0.18,0,0.9,2,0.102,-16.51,0,0,0.0435,91.685,0.214
0.992,0.377,1263383,0.0628,0,0.876,0,0.121,-19.976,1,1,0.0569,71.409,0.0682
0.942,0.463,97800,0.236,0,0.000102,4,0.615,-18.237,1,0,0.0571,124.05,0.686
0.99,0.2,128107,0.36,0,0.789,2,0.192,-22.759,1,1,0.0554,129.623,0.128
0.984,0.232,208747,0.157,0,0.00102,10,0.285,-14.986,1,0,0.0394,126.498,0.0759
0.977,0.145,724400,0.0869,0,0.917,10,0.117,-20.447,1,0,0.0384,87.226,0.0382
0.99,0.598,202850,0.469,0,0.0241,10,0.313,-10.515,1,0,0.0682,97.358,0.699
0.94,0.233,645000,0.256,0,7.46E-06,1,0.118,-15.261,1,0,0.0432,79.497,0.071
0.804,0.566,192640,0.503,0,0.939,8,0.359,-10.047,1,0,0.0405,142.702,0.876
0.747,0.758,144339,0.718,0,0,8,0.457,-5.579,1,0,0.0645,105.585,0.795
0.995,0.368,138067,0.081,0,0.0616,3,0.112,-21.805,1,0,0.0429,135.094,0.301
0.896,0.708,105573,0.158,0,0,11,0.259,-18.552,1,0,0.842,128.338,0.589
0.908,0.595,86200,0.121,0,1.72E-06,7,0.0925,-23.443,0,0,0.128,159.868,0.6
0.79,0.58,241440,0.402,0,0.17,5,0.264,-8.737,1,1,0.0332,106.015,0.638
0.988,0.322,710400,0.17,0,2.08E-05,3,0.151,-13.868,1,0,0.048,86.557,0.0706
0.871,0.512,185467,0.512,0,0.78,5,0.164,-9.749,1,0,0.0342,113.574,0.752
0.979,0.186,265973,0.0538,0,0.0406,8,0.119,-24.224,1,1,0.0443,77.596,0.0372
0.985,0.727,142453,0.259,0,0.751,8,0.12,-12.295,1,2,0.0722,92.267,0.762
0.993,0.56,199293,0.116,0,0.714,1,0.155,-20.228,0,0,0.0896,114.097,0.45
0.864,0.437,192160,0.474,0,0,8,0.26,-7.705,1,0,0.164,83.568,0.699
0.964,0.312,142680,0.0103,0,1.51E-05,0,0.0939,-24.326,1,1,0.0416,152.924,0.13
0.631,0.699,170253,0.199,0,0.084,0,0.107,-22.2,1,0,0.0477,123.756,0.659
0.913,0.343,187800,0.267,0,0.00737,2,0.104,-14.511,0,0,0.0355,79.242,0.292
0.988,0.46,169788,0.353,0,0.0285,1,0.126,-9.745,1,0,0.0531,133.707,0.491
0.954,0.715,71160,0.0607,0,0,7,0.142,-18.41,0,0,0.91,119.447,0.304
0.99,0.412,439693,0.0818,0,0.918,8,0.205,-20.59,1,1,0.0399,128.73,0.0942
0.955,0.524,174011,0.255,0,0.132,10,0.121,-11.56,0,0,0.0603,92.485,0.551
0.701,0.245,95733,0.361,0,0.0028,4,0.239,-11.559,0,0,0.0336,86.118,0.424
0.765,0.564,192267,0.736,0,0.000235,6,0.45,-10.826,0,0,0.0708,99.581,0.895
0.966,0.556,140973,0.0773,0,6.84E-06,5,0.101,-15.112,1,1,0.0656,55.188,0.292
0.99,0.464,186624,0.132,0,0.0713,2,0.145,-12.331,1,3,0.119,176.457,0.433
0.975,0.341,536973,0.0572,0,0.626,2,0.103,-19.945,1,0,0.0434,121.487,0.0765
0.971,0.331,98560,0.0992,0,1.16E-06,6,0.117,-11.028,1,0,0.0434,118.544,0.314
0.966,0.448,173982,0.198,0,0.00124,6,0.115,-12.011,1,0,0.0736,91.663,0.513
0.885,0.108,627160,0.0838,0,0.313,0,0.0693,-20.624,1,0,0.0403,83.065,0.0392
0.954,0.281,351533,0.26,0,0.646,5,0.138,-18.702,0,0,0.0396,89.616,0.217
0.968,0.436,207627,0.197,0,0,5,0.203,-16.367,1,0,0.145,73.715,0.323
0.904,0.627,192968,0.471,0,4.76E-06,5,0.244,-8.957,1,1,0.207,125.46,0.899
0.932,0.694,105080,0.0741,0,9.93E-06,9,0.255,-25.807,1,0,0.891,127.451,0.255
0.982,0.395,448360,0.263,0,0.344,3,0.283,-13.45,1,0,0.0423,71.684,0.227
0.954,0.266,124840,0.212,0,0.933,0,0.444,-14.744,1,0,0.0446,179.099,0.838
0.934,0.262,151705,0.259,0,1.16E-06,3,0.135,-9.881,1,0,0.0325,77.428,0.422
0.976,0.356,240733,0.243,0,0.000873,1,0.619,-16.544,1,1,0.0423,69.293,0.427
0.861,0.356,217627,0.256,0,0,2,0.161,-13.705,1,0,0.0378,85.389,0.354
0.992,0.381,215798,0.178,0,0.642,0,0.111,-16.508,1,1,0.0526,71.002,0.327
0.87,0.188,228067,0.117,0,0.648,5,0.216,-19.826,1,1,0.0379,65.976,0.0381
0.829,0.63,100960,0.123,0,0,8,0.142,-21.709,1,0,0.674,83.892,0.291
0.871,0.662,74707,0.177,0,0,5,0.0782,-17.915,0,0,0.876,83.238,0.39
0.95,0.11,252853,0.14,0,0.00149,1,0.322,-14.896,1,0,0.0421,80.582,0.0368
0.0395,0.51,154173,0.497,0,0.854,5,0.128,-10.343,1,0,0.0281,131.862,0.936
0.818,0.429,476373,0.0288,0,0.0428,0,0.0873,-24.481,1,0,0.0415,117.09,0.0887
0.988,0.319,306840,0.142,0,0.0017,9,0.0954,-18.523,1,0,0.0432,101.488,0.139
0.963,0.564,459533,0.133,0,0,9,0.392,-20.549,0,0,0.312,105.199,0.221
0.895,0.163,240627,0.0589,0,0.67,11,0.513,-23.271,1,0,0.036,65.994,0.0358
0.906,0.277,633267,0.226,0,0.394,5,0.651,-20.621,1,0,0.0664,76.413,0.133
0.932,0.718,112267,0.122,0,2.04E-05,2,0.111,-19.18,1,1,0.41,121.144,0.861
0.992,0.351,159747,0.0807,0,0.0175,3,0.0964,-17.179,0,0,0.036,88.676,0.25
0.95,0.615,406027,0.0709,0,0,11,0.213,-28.707,1,1,0.842,74.765,0.622
0.972,0.629,69809,0.0661,0,3.89E-05,3,0.0933,-9.493,1,0,0.134,90.904,0.473
0.979,0.292,114066,0.00766,0,0,1,0.123,-29.214,1,7,0.0585,68.285,0.0536
0.949,0.709,83035,0.115,0,0.000345,0,0.122,-22.921,1,0,0.116,113.193,0.721
0.994,0.316,96493,0.0431,0,0.00526,1,0.158,-19.247,1,0,0.0523,190.666,0.0784
0.1,0.64,117520,0.542,0,0.188,1,0.114,-10.422,1,2,0.184,80.962,0.77
0.973,0.297,1122253,0.165,0,0.929,7,0.0944,-21.182,1,0,0.0329,94.061,0.0919
0.526,0.626,143830,0.576,0,0,5,0.84,-9.686,1,0,0.137,95.66,0.881
0.973,0.358,202453,0.155,0,0.065,10,0.0869,-24.443,1,0,0.0431,86.334,0.217
0.852,0.348,183267,0.32,0,0.953,0,0.533,-12.291,1,2,0.0393,75.337,0.602
0.579,0.612,230976,0.18,0,1.81E-06,1,0.0956,-22.1,1,0,0.765,126.585,0.174
0.959,0.289,179490,0.182,0,0.683,8,0.367,-17.127,1,0,0.0358,87.254,0.143
0.975,0.418,180600,0.468,0,0.000462,1,0.0991,-8.496,1,0,0.0963,117.827,0.318
0.981,0.24,236920,0.175,0,0.0335,4,0.252,-15.826,1,0,0.0381,75.927,0.109
0.82,0.571,170815,0.56,0,0.00447,7,0.319,-9.138,0,0,0.0394,111.927,0.902
0.959,0.382,71227,0.0868,0,0,7,0.239,-23.284,1,0,0.104,144.755,0.196
0.961,0.32,210333,0.26,0,0,10,0.279,-15.49,1,1,0.0333,144.312,0.173
0.781,0.701,168080,0.498,0,0.000181,0,0.0812,-9.995,0,1,0.176,84.555,0.448
0.755,0.552,135288,0.367,0,7.92E-06,0,0.595,-12.207,0,5,0.0277,97.488,0.535
0.719,0.361,141200,0.101,0,0.852,7,0.0551,-13.307,1,0,0.037,119.259,0.487
0.94,0.674,68907,0.0439,0,0,6,0.805,-23.712,1,0,0.906,100.557,0.712
0.977,0.394,98267,0.0813,0,0.000848,10,0.127,-18.492,1,0,0.0423,141.291,0.256
0.983,0.302,290867,0.172,0,0.0194,0,0.117,-15.162,1,0,0.0462,66.344,0.41
0.679,0.66,98493,0.724,0,0.871,6,0.101,-15.861,0,0,0.0437,71.526,0.742
0.901,0.107,241241,0.736,0,0.748,9,0.381,-9.379,0,0,0.0822,71.195,0.105
0.939,0.533,188400,0.83,0,0.965,8,0.109,-17.494,1,1,0.0475,115.322,0.884
0.987,0.395,205160,0.283,0,0.154,3,0.124,-9.974,1,0,0.088,188.22,0.605
0.923,0.243,162600,0.0747,0,5.91E-05,5,0.294,-16.546,0,0,0.0312,84.206,0.326
0.98,0.298,164160,0.181,0,0.00399,5,0.541,-17.713,0,0,0.051,81.806,0.389
0.991,0.486,112733,0.282,0,0.909,7,0.267,-14.586,0,0,0.0421,113.407,0.68
0.964,0.443,188200,0.0225,0,0.000229,10,0.108,-21.501,0,1,0.0513,82.35,0.458
0.771,0.706,135053,0.514,0,0,9,0.0273,-6.23,0,0,0.0904,115.558,0.916
0.926,0.414,127240,0.079,0,0,0,0.243,-15.245,1,0,0.056,88.021,0.143
0.99,0.525,207867,0.435,0,0.957,6,0.318,-16.051,0,0,0.233,144.222,0.892
0.943,0.373,132267,0.182,0,0.861,2,0.11,-16.036,1,1,0.0319,84.908,0.0879
0.949,0.397,110280,0.0429,0,0.931,5,0.129,-16.881,1,1,0.0331,79.68,0.259
0.738,0.555,184080,0.398,0,0.000467,7,0.0586,-11.204,0,0,0.0644,86.173,0.962
0.985,0.384,238947,0.404,0,0.264,7,0.467,-10.868,1,0,0.0359,119.344,0.331
0.149,0.468,367173,0.697,0,0.177,11,0.115,-5.467,0,32,0.0375,180.152,0.447
0.000198,0.34,359693,0.93,1,0.107,9,0.405,-3.899,1,44,0.0629,154.946,0.128
0.849,0.283,159720,0.333,0,0.0209,10,0.12,-10.649,1,45,0.0277,158.3,0.0916
0.0245,0.202,265133,0.853,0,9.50E-05,4,0.143,-6.326,1,54,0.0475,100.625,0.37
0.143,0.552,227880,0.308,0,0.000177,2,0.312,-15.083,1,33,0.0301,143.389,0.383
0.902,0.526,185800,0.248,0,0,9,0.0839,-12.578,1,46,0.0429,97.227,0.673
0.969,0.633,98000,0.476,0,0.812,9,0.119,-15.972,1,35,0.0315,119.068,0.958
0.972,0.313,244080,0.0277,0,0.921,0,0.106,-23.593,1,33,0.0408,101.367,0.0399
0.407,0.583,185973,0.726,0,0,11,0.0681,-6.118,1,40,0.0318,117.839,0.429
0.0181,0.332,534200,0.742,0,0.00709,7,0.31,-8.735,1,31,0.0695,111.471,0.451
0.207,0.721,169653,0.496,0,1.46E-05,10,0.0938,-9.317,1,31,0.0467,110.044,0.844
0.0693,0.846,236513,0.721,1,1.82E-05,2,0.254,-8.582,1,33,0.178,118.161,0.252
0.469,0.717,152133,0.186,1,0,0,0.46,-20.016,0,34,0.939,102.082,0.213
0.424,0.742,266840,0.559,1,0,1,0.226,-7.782,0,33,0.0709,100.959,0.495
0.758,0.245,202573,0.385,0,0.372,2,0.0833,-12.949,0,44,0.0526,124.437,0.039
0.0372,0.421,212400,0.61,0,0,2,0.288,-5.418,1,46,0.0274,81.608,0.713
0.0381,0.659,293853,0.431,0,0.0146,9,0.233,-8.974,1,34,0.0311,145.941,0.459
0.306,0.59,279013,0.561,0,0.000164,7,0.125,-9.062,1,31,0.03,78.921,0.676
0.985,0.251,197600,0.164,0,0.748,9,0.109,-13.193,0,33,0.0352,132.268,0.0676
0.242,0.458,228867,0.395,0,1.16E-06,5,0.137,-7.313,1,33,0.0263,140.011,0.124
0.887,0.227,231080,0.157,0,0.933,0,0.217,-14.13,1,33,0.0357,145.306,0.127
0.48,0.427,189267,0.826,0,0.942,2,0.09,-6.625,1,32,0.0657,192.282,0.961
0.776,0.545,161960,0.659,0,0.4,4,0.165,-11.749,0,35,0.0652,184.117,0.825
0.000271,0.337,287227,0.86,0,7.44E-05,3,0.0864,-8.215,0,46,0.0773,120.074,0.129
0.00285,0.442,395560,0.761,0,0.735,9,0.0945,-8.619,1,38,0.0691,175.817,0.252
0.0372,0.864,247800,0.543,1,2.67E-06,10,0.109,-5.543,0,36,0.336,95.922,0.728
0.0665,0.661,211480,0.899,0,0.000102,9,0.1,-6.109,1,50,0.0382,154.558,0.98
8.49E-05,0.547,220840,0.94,1,0.00281,1,0.26,-5.962,0,40,0.0732,144.823,0.493
0.16,0.561,257640,0.355,0,5.53E-06,0,0.264,-10.56,1,46,0.0301,112.002,0.187
0.749,0.365,235467,0.279,0,0.008,9,0.183,-8.048,1,34,0.0268,87,0.141
0.988,0.225,398467,0.0319,0,0.251,3,0.0695,-24.524,1,37,0.0403,83.088,0.314
0.00261,0.717,242533,0.829,0,0.0147,10,0.106,-5.432,0,49,0.0367,144.04,0.729
0.587,0.381,231627,0.634,0,8.83E-06,5,0.987,-6.991,1,44,0.0384,142.559,0.241
0.0433,0.503,455907,0.619,0,2.19E-05,4,0.0855,-8.985,0,35,0.0471,114.96,0.442
0.916,0.533,243907,0.00877,0,0.482,3,0.0969,-27.185,1,39,0.045,67.875,0.109
0.95,0.653,189293,0.243,0,5.30E-06,9,0.0849,-9.302,1,46,0.0731,133.726,0.793
0.0143,0.86,288267,0.646,1,0,7,0.155,-8.174,1,34,0.343,94.971,0.711
0.503,0.654,153493,0.27,0,0,2,0.121,-13.227,1,36,0.0409,67.807,0.361
0.705,0.745,255840,0.558,0,0,4,0.429,-6.768,1,38,0.154,80.002,0.577
0.615,0.812,184610,0.495,0,0,8,0.076,-8.772,1,37,0.0514,113.046,0.957
0.83,0.369,162960,0.352,0,0.827,3,0.104,-14.37,1,34,0.0406,112.623,0.126
0.00113,0.355,240800,0.501,0,0.635,7,0.0948,-10.526,1,35,0.0274,94.567,0.125
0.816,0.37,180280,0.481,0,0,5,0.192,-9.54,1,32,0.0288,83.948,0.379
0.828,0.686,238600,0.358,0,0.452,1,0.11,-11.395,1,34,0.0297,79.597,0.612
0.363,0.536,265040,0.64,0,0,0,0.0948,-5.862,1,48,0.0368,142.483,0.289
0.583,0.468,340600,0.332,0,0.958,9,0.689,-13.193,1,31,0.0268,129.801,0.139
0.787,0.14,831907,0.0867,0,0.0595,4,0.127,-27.408,0,32,0.0548,85.736,0.0631
0.708,0.307,125533,0.0515,0,0.631,4,0.42,-28.493,0,39,0.0324,128.056,0.154
0.929,0.473,150400,0.824,0,0.0547,0,0.866,-9.325,0,35,0.178,165.457,0.923
0.119,0.617,296313,0.905,0,0.00117,2,0.77,-4.329,1,34,0.0321,103.862,0.769
0.995,0.354,187200,0.00237,0,0.933,9,0.0667,-40.561,0,41,0.0634,66.948,0.0738
0.902,0.17,416947,0.206,0,0.199,9,0.0927,-14.408,1,44,0.0353,109.495,0.0501
0.443,0.541,139813,0.379,0,0,10,0.106,-9.488,1,47,0.0366,185.059,0.934
0.0576,0.909,287720,0.651,1,1.95E-05,7,0.107,-9.693,1,34,0.287,92.244,0.473
7.65E-06,0.436,257827,0.976,1,0.599,9,0.515,-7.161,1,40,0.182,152.915,0.288
4.11E-06,0.387,244960,0.995,0,0.844,8,0.131,-3.97,1,32,0.211,132.23,0.0553
0.0554,0.793,250067,0.88,0,3.67E-05,7,0.497,-2.712,1,41,0.0319,110.025,0.891
0.975,0.314,187080,0.0172,0,0.911,0,0.132,-22.075,1,33,0.0386,135.6,0.0685
0.0547,0.761,164267,0.728,0,0.109,9,0.0846,-8.199,0,40,0.0428,125.79,0.597
0.0439,0.405,224653,0.596,0,0.00945,7,0.108,-8.015,1,40,0.0252,154.525,0.454
0.0862,0.788,151812,0.698,1,0,10,0.119,-5.014,0,36,0.252,89.456,0.693
0.263,0.682,197996,0.522,0,0,9,0.349,-9.297,1,31,0.0336,95.671,0.733
0.991,0.637,258000,0.0193,0,0.908,2,0.114,-24.66,1,36,0.0637,126.786,0.139
0.0401,0.31,143067,0.912,1,0.0213,1,0.309,-6.792,1,36,0.0657,76.266,0.155
0.233,0.705,267093,0.437,0,2.29E-06,1,0.0967,-11.432,1,32,0.0291,119.798,0.372
0.536,0.754,286200,0.487,0,0.00105,2,0.135,-9.964,1,45,0.0278,104.91,0.604
0.159,0.698,199200,0.39,0,2.05E-05,0,0.123,-14.297,1,45,0.0327,129.973,0.632
0.9,0.693,263480,0.201,0,0,1,0.112,-9.903,1,34,0.0288,100.836,0.679
0.411,0.543,279493,0.964,0,0.00205,6,0.047,-5.687,1,45,0.0515,100.456,0.777
0.0339,0.505,286333,0.821,0,0,7,0.213,-7.559,1,43,0.0375,122.429,0.842
0.0168,0.681,252173,0.879,1,3.65E-06,0,0.309,-4.029,0,39,0.0627,85.711,0.558
0.946,0.628,226227,0.135,0,1.02E-05,9,0.0915,-20.695,1,37,0.0435,103.664,0.773
0.952,0.557,151507,0.153,0,0.893,4,0.141,-22.915,0,38,0.0519,106.575,0.339
0.368,0.106,205000,0.53,0,0.00103,2,0.536,-8.197,1,35,0.0407,179.822,0.368
0.0748,0.219,218080,0.461,0,0.541,9,0.191,-10.056,1,33,0.0382,78.282,0.0794
0.0499,0.525,237600,0.632,0,0.00123,7,0.146,-6.733,1,34,0.04,90.681,0.549
0.0244,0.605,230440,0.989,0,0.00224,11,0.277,-5.256,0,52,0.0329,138.219,0.969
0.00651,0.528,721240,0.835,1,0,7,0.103,-5.387,1,33,0.114,87.05,0.563
0.0465,0.549,252773,0.679,0,0.903,2,0.07,-9.033,1,30,0.0304,129.181,0.486
0.0195,0.434,189663,0.881,0,0.0224,7,0.0962,-7.114,1,31,0.0695,111.328,0.207
0.737,0.303,222933,0.806,0,0.875,0,0.156,-6.306,1,35,0.0346,166.955,0.246
0.00876,0.763,255960,0.701,1,0,7,0.045,-5.258,1,31,0.361,80.035,0.591
0.385,0.67,215040,0.606,0,1.57E-06,5,0.0797,-10.314,1,32,0.0334,151.748,0.808
0.176,0.615,264840,0.526,0,0.0128,0,0.127,-7.503,1,31,0.0284,155.972,0.383
0.692,0.571,169227,0.801,0,2.30E-06,4,0.108,-6.96,0,36,0.0484,119.295,0.859
0.00331,0.77,253267,0.827,0,0.000107,4,0.0708,-5.699,0,47,0.162,128.009,0.746
0.0105,0.372,396653,0.96,0,0.00317,7,0.352,-5.696,1,37,0.111,104.29,0.433
0.247,0.725,267573,0.311,1,9.10E-05,10,0.114,-14.721,0,32,0.365,78.962,0.463
0.441,0.669,256160,0.462,0,0.185,5,0.114,-9.919,1,37,0.0349,120.038,0.648
0.0681,0.777,309507,0.676,0,0,9,0.652,-6.209,0,33,0.325,94.15,0.272
0.0141,0.49,310080,0.598,0,0.95,8,0.128,-8.67,0,38,0.102,163.195,0.252
0.891,0.191,188373,0.535,0,0.905,9,0.0972,-11.079,0,39,0.0417,74.807,0.176
0.134,0.85,266960,0.519,0,0.00109,0,0.0974,-8.892,1,34,0.0483,87.904,0.961
9.22E-05,0.447,283467,0.792,0,0.00022,9,0.0921,-6.98,1,55,0.0337,101.637,0.35
3.44E-05,0.507,185667,0.802,0,0.000349,6,0.213,-6.8,1,33,0.0289,92.609,0.769
0.65,0.641,231400,0.462,0,0,11,0.159,-7.99,1,34,0.0265,101.067,0.317
0.265,0.537,220507,0.415,0,0,9,0.108,-9.632,1,32,0.0548,132.762,0.843
0.526,0.221,265027,0.104,0,0.939,5,0.116,-25.667,1,37,0.0367,106.376,0.0364
0.46,0.736,289360,0.832,0,0,5,0.334,-3.026,1,32,0.071,142.901,0.847
0.359,0.38,98560,0.996,0,0.0929,4,0.236,-12.123,1,35,0.0369,95.065,0.0328
0.0217,0.801,435000,0.607,0,0.851,11,0.11,-13.08,1,0,0.0727,128.004,0.272
0.377,0.738,213707,0.43,0,1.03E-05,7,0.0945,-9.749,1,59,0.0295,114.992,0.374
0.473,0.509,226110,0.997,0,0.00343,9,0.482,-1.466,1,0,0.538,154.95,0.0388
0.0588,0.729,253520,0.799,1,0.00218,11,0.0948,-7.378,0,58,0.0779,115.04,0.532
0.0213,0.843,268125,0.847,0,0.815,4,0.356,-8.237,0,0,0.166,127.991,0.0477
0.197,0.563,330387,0.691,1,0,3,0.0886,-4.464,0,55,0.382,108.406,0.567
0.000537,0.792,420015,0.842,0,0.936,7,0.0835,-9.738,1,0,0.0846,128.016,0.0569
0.257,0.768,190259,0.708,0,0,7,0.167,-5.101,1,60,0.0351,116.952,0.728
0.197,0.835,358033,0.485,0,0.947,7,0.112,-13.209,1,0,0.252,121.972,0.036
0.023,0.357,226161,0.498,0,1.99E-06,3,0.269,-6.589,1,64,0.0332,142.816,0.339
1.80E-05,0.803,346070,0.727,0,0.946,2,0.077,-10.005,1,0,0.0424,127.985,0.179
0.222,0.776,180027,0.707,1,0,5,0.0852,-4.073,0,55,0.175,99.953,0.863
0.0104,0.704,218030,0.754,0,2.93E-05,11,0.0768,-6.528,0,0,0.094,119.985,0.253
0.358,0.635,206811,0.0861,0,0.00995,11,0.138,-18.311,0,59,0.0755,130.146,0.0618
0.000154,0.795,480000,0.574,0,0.486,7,0.0612,-12.658,1,0,0.0716,130.003,0.0778
0.794,0.641,319273,0.637,1,0.0515,3,0.131,-9.43,0,58,0.0579,138.869,0.601
0.00129,0.817,423755,0.914,0,0.925,7,0.125,-5.899,1,0,0.107,128.02,0.212
0.0277,0.362,218897,0.826,0,0,0,0.176,-5.416,1,55,0.0449,147.204,0.596
2.38E-05,0.813,440000,0.932,0,0.873,5,0.0544,-9.146,0,0,0.0503,126.017,0.932
0.314,0.58,159027,0.841,0,0,2,0.199,-4.073,0,64,0.0324,165.936,0.964
0.0103,0.704,218030,0.754,0,2.98E-05,11,0.0768,-6.529,0,0,0.0926,119.975,0.264
0.721,0.535,217320,0.366,0,0,1,0.129,-7.559,1,59,0.028,89.98,0.163
0.00703,0.686,435000,0.93,0,0.815,10,0.606,-4.239,0,2,0.325,192.031,0.291
0.0209,0.552,198187,0.733,0,0,3,0.0858,-6.898,0,63,0.0933,143.56,0.643
0.00321,0.803,285010,0.477,0,0.915,1,0.218,-18.662,1,0,0.1,128.017,0.205
0.241,0.688,144000,0.349,0,0.685,6,0.374,-7.182,0,66,0.27,169.773,0.433
0.00243,0.812,353280,0.781,0,0.888,2,0.072,-8.453,0,0,0.0669,125.002,0.338
0.301,0.511,124022,0.436,0,7.12E-05,9,0.255,-10.254,1,58,0.0409,120.207,0.342
0.109,0.524,187173,0.997,1,0.00221,1,0.7,-3.41,1,1,0.154,154.986,0.116
0.129,0.738,223504,0.684,0,6.40E-06,0,0.266,-5.55,1,62,0.0343,90.01,0.841
0.0104,0.846,500058,0.45,0,0.891,7,0.108,-9.881,1,0,0.1,125.007,0.0413
0.097,0.646,179360,0.882,0,0,4,0.311,-3.77,0,56,0.0371,101.997,0.544
0.000537,0.792,420015,0.842,0,0.936,7,0.0835,-9.738,1,0,0.0846,128.016,0.0569
0.000989,0.602,273194,0.955,0,0.0133,6,0.207,-4.888,1,58,0.154,126.009,0.193
1.60E-05,0.812,420003,0.873,0,0.837,11,0.0754,-8.652,0,0,0.0854,127.993,0.157
0.653,0.71,181437,0.386,0,1.98E-05,8,0.163,-7.374,0,62,0.0476,75.001,0.351
0.0269,0.817,394233,0.474,0,0.847,1,0.1,-16.098,1,0,0.132,128.018,0.178
0.126,0.621,163453,0.727,1,0,4,0.204,-5.529,1,58,0.0943,112.067,0.636
0.000869,0.934,390013,0.652,0,0.663,11,0.187,-5.263,0,0,0.124,128.002,0.566
0.165,0.855,226800,0.664,0,3.97E-05,9,0.0937,-7.11,0,69,0.0607,98.015,0.626
0.00875,0.654,262302,0.809,0,0.00133,10,0.0429,-5.729,1,0,0.0424,140.005,0.893
0.0957,0.819,158459,0.862,1,0.00147,10,0.0853,-6.641,0,63,0.0647,99.966,0.678
0.000354,0.206,199440,0.973,0,0.000823,1,0.634,-4.587,1,1,0.111,165.372,0.592
0.00289,0.49,298520,0.805,0,3.19E-06,2,0.141,-4.578,1,61,0.0424,109.951,0.166
0.00752,0.673,282480,0.805,0,0.000723,10,0.0557,-5.702,1,1,0.0394,130.007,0.878
0.475,0.535,268000,0.41,0,0,0,0.0876,-8.646,1,60,0.0364,81.826,0.38
0.617,0.663,272555,0.493,0,0.267,8,0.113,-8.565,1,0,0.0311,103.995,0.167
0.0371,0.831,242307,0.47,1,0,1,0.144,-7.48,0,62,0.425,75.474,0.339
9.14E-05,0.173,211644,0.866,1,3.46E-06,10,0.16,-4.689,1,0,0.0725,180.05,0.529
0.362,0.448,291640,0.511,0,0.823,6,0.129,-9.084,1,58,0.0274,96.321,0.112
0.312,0.661,253000,0.681,0,0,0,0.233,-8.099,1,0,0.0619,147.047,0.639
0.000443,0.485,279309,0.892,0,0,2,0.1,-3.586,0,67,0.0809,142.046,0.576
0.00774,0.669,282481,0.808,0,0.000442,10,0.0497,-5.728,1,1,0.0378,129.987,0.89
0.225,0.677,390862,0.852,0,3.95E-05,5,0.0595,-10.856,1,70,0.045,91.691,0.93
0.00875,0.654,262302,0.809,0,0.00133,10,0.0429,-5.729,1,1,0.0424,140.005,0.893
0.13,0.0925,201132,0.997,0,0.995,5,0.826,-17.128,1,62,0.0726,88.655,1.00E-05
0.00805,0.616,156839,0.767,0,0.000728,0,0.203,-9.474,1,0,0.043,151.774,0.824
0.334,0.731,235720,0.588,0,0,3,0.278,-5.217,1,60,0.0749,80.019,0.449
7.57E-05,0.427,495924,0.991,0,0.919,6,0.45,-8.068,0,0,0.0514,138.01,0.0994
0.00227,0.424,486945,0.583,0,0,9,0.115,-6.864,1,61,0.0285,144.977,0.0711
0.479,0.538,206213,0.551,0,0.000142,7,0.107,-7.333,1,1,0.0274,93.06,0.319
0.828,0.696,210467,0.229,0,1.34E-05,7,0.152,-7.911,1,66,0.0331,113.273,0.603
4.97E-05,0.176,402320,0.893,0,0.292,0,0.258,-5.94,1,1,0.0553,113.374,0.165
0.0338,0.66,199520,0.491,1,0,8,0.101,-6.645,0,61,0.101,154.132,0.376
0.00184,0.412,218412,0.605,0,3.17E-05,9,0.106,-10.137,0,1,0.0556,75.007,0.172
0.0767,0.611,204827,0.562,1,3.23E-06,1,0.118,-7.849,0,64,0.0874,74.994,0.318
0.204,0.374,233915,0.955,0,0.936,1,0.165,-9.811,1,0,0.0436,164.004,0.135
0.0906,0.659,134452,0.659,1,0,2,0.348,-6.623,1,63,0.297,200.158,0.611
0.00118,0.194,457827,0.938,0,0.661,1,0.633,-6.541,0,1,0.0601,91.348,0.373
0.00195,0.565,208853,0.778,0,0.00129,2,0.156,-5.475,1,60,0.028,104.067,0.421
0.942,0.408,254851,0.448,0,0.304,9,0.881,-15.949,0,0,0.0531,76.764,0.705
0.112,0.78,109819,0.654,1,0,10,0.12,-7.641,0,60,0.076,140.007,0.713
0.27,0.674,201933,0.566,0,6.69E-06,3,0.977,-8.568,1,7,0.0247,105.016,0.535
0.647,0.584,248653,0.312,0,0,4,0.152,-8.249,1,62,0.0405,96.026,0.455
0.194,0.505,107066,0.902,0,0,7,0.584,-4.889,1,0,0.309,155.002,0.377
0.00353,0.684,150410,0.53,1,0,8,0.573,-5.298,0,61,0.286,157.017,0.55
0.237,0.74,221207,0.754,0,0,6,0.117,-5.107,0,0,0.108,83.478,0.806
0.0964,0.62,217107,0.835,0,1.23E-05,5,0.269,-6.634,0,63,0.0984,96.09,0.0535
0.0231,0.486,106347,0.814,0,1.38E-06,6,0.513,-5.601,1,0,0.134,155.026,0.191
0.118,0.77,188707,0.655,1,0.0234,2,0.125,-5.369,1,63,0.0316,129.964,0.639
0.106,0.488,88289,0.959,0,9.02E-05,7,0.514,-4.232,1,0,0.0949,154.993,0.156
0.185,0.45,202827,0.465,0,0,7,0.0782,-7.867,0,71,0.268,70.231,0.788
0.976,0.392,239537,0.258,0,6.17E-05,9,0.638,-24.421,1,0,0.244,68.553,0.0366
0.354,0.624,118183,0.229,0,0.47,1,0.116,-15.698,0,64,0.046,130.069,0.395
0.627,0.542,406541,0.538,0,0.499,4,0.201,-9.704,1,0,0.0347,107.502,0.425
0.174,0.853,164598,0.591,1,0,7,0.0993,-5.583,1,63,0.179,119.088,0.433
0.0779,0.428,157735,0.757,0,2.35E-05,7,0.373,-6.514,1,0,0.509,154.975,0.178
0.891,0.707,257960,0.484,0,0.00344,9,0.256,-6.579,0,62,0.0481,92.988,0.43
0.142,0.767,390968,0.699,0,0.94,11,0.111,-11.186,0,0,0.27,129.011,0.0369
0.996,0.167,200694,0.263,0,0.937,8,0.101,-44.281,0,61,0.0649,140.616,1.00E-05
0.983,0.163,347123,0.0545,0,0.808,10,0.111,-20.51,1,0,0.0387,175.373,0.0389
0.0865,0.293,360907,0.624,0,0,9,0.0874,-7.13,1,63,0.0613,87.335,0.213
0.776,0.698,123351,0.203,0,0.435,6,0.112,-16.073,0,5,0.202,143.606,0.761
0.0106,0.515,235266,0.948,0,0,0,0.134,-1.721,1,61,0.0438,159.983,0.752
0.0094,0.582,425297,0.397,0,0.561,1,0.102,-10.208,1,0,0.0639,117.887,0.345
0.0643,0.712,214280,0.899,0,5.36E-06,4,0.117,-5.078,0,59,0.0648,123.987,0.58
4.18E-05,0.512,307846,0.99,0,0.933,7,0.369,-5.334,1,0,0.0996,130.033,0.272
0.523,0.848,255413,0.663,1,0,8,0.108,-5.606,0,62,0.245,133.993,0.333
0.000906,0.828,479631,0.599,0,0.581,11,0.641,-14.975,0,0,0.0932,123.999,0.786
0.502,0.524,230000,0.274,0,0.257,6,0.0924,-13.931,1,62,0.295,167.998,0.342
